Unique ID,State/UT,District,Disease/Illness,No. of Cases,No. of Deaths,Date of Start of Outbreak,Date of Reporting,Current Status
AP/KRS/2024/01/01,Andhra Pradesh,Nandamuri Taraka Rama Rao (NTR),Acute Diarrheal Disease,30,0,30-12-2023,03-01-24,Under Control
AS/SBS/2024/01/02,Assam,Charaideo,Leptospirosis,1,1,02-01-24,02-01-24,Under Surveillance
AS/DAR/2024/01/03,Assam,Darrang,Chickenpox,6,0,30-12-2023,02-01-24,Under Surveillance
BH/JAH/2024/01/04,Bihar,Jehanabad,Chickenpox,8,0,06-01-24,06-01-24,Under Surveillance
GJ/AHM/2024/01/05,Gujarat,Ahmedabad,Acute Diarrheal Disease,16,0,01-12-2023,01-01-24,Under Surveillance
KN/SHI/2024/01/06,Karnataka,Shivamogga,Kyasanur Forest Disease,81,1,06-01-24,06-01-24,Under Surveillance
KN/VIJ/2024/01/07,Karnataka,Vijayanagar,Cholera,97,1,06-01-24,06-01-24,Under Surveillance
KL/PLK/2024/01/08,Kerala,Palakkad,Dog Bite,9,0,03-01-24,03-01-24,Under Surveillance
KL/TRC/2024/01/09,Kerala,Thrissur,Chickenpox,28,0,28-12-2023,04-01-24,Under Surveillance
KL/TRC/2024/01/10,Kerala,Thrissur,Monkey Pox,2,0,28-12-2023,04-01-24,Under Surveillance
MP/BAD/2024/01/11,Madhya Pradesh,Barwani,Chickenpox,9,0,23-12-2023,02-01-24,Under Control
MP/CTP/2024/01/12,Madhya Pradesh,Chhatarpur,Chickenpox,6,0,03-01-24,04-01-24,Under Surveillance
MP/CDW/2024/01/13,Madhya Pradesh,Chhindwara,Chickenpox,15,0,05-12-2023,05-01-24,Under Surveillance
MP/NSP/2024/01/14,Madhya Pradesh,Narsinghpur,Fever with Rash,8,0,04-01-24,04-01-24,Under Surveillance
MH/GAD/2024/01/15,Maharashtra,Gadchiroli,Malaria,191,1,04-01-24,04-01-24,Under Control
MH/GAD/2024/01/16,Maharashtra,Gadchiroli,Malaria,385,1,27-12-2023,01-01-24,Under Control
MH/GOD/2024/01/17,Maharashtra,Gondia,Malaria,28,0,29-12-2023,01-01-24,Under Control
MH/KOP/2024/01/18,Maharashtra,Kolhapur,Hepatitis-A,9,0,05-01-24,05-01-24,Under Surveillance
MH/KOP/2024/01/19,Maharashtra,Kolhapur,Food Poisoning,106,0,03-01-24,03-01-24,Under Control
MH/NAG/2024/01/20,Maharashtra,Nagpur,Scrub Typhus,9,1,02-01-24,04-01-24,Under Control
MH/PLR/2024/01/21,Maharashtra,Palghar,Dengue & Chikungunya,9,0,07-01-24,07-01-24,Under Surveillance
OR/CUT/2024/01/22,Odisha,Cuttack,Acute Diarrheal Disease,22,0,04-01-24,04-01-24,Under Control
OR/SUN/2024/01/23,Odisha,Sundargarh,Food Poisoning,25,0,01-01-24,01-01-24,Under Surveillance
TN/TVL/2024/01/24,Tamil Nadu,Thiruvallur,Acute Diarrheal Disease,11,0,03-01-24,03-01-24,Under Control
TN/TVM/2024/01/25,Tamil Nadu,Tiruvannamalai,Cholera,2,0,03-01-24,04-01-24,Under Control
UK/HDW/2024/01/26,Uttarakhand,Haridwar,Mumps,51,0,01-01-24,03-01-24,Under Control
AS/NGO/2024/02/27,Assam,Hojai,Human Rabies,1,1,12-01-2024,13-01-2024,Under Control
AS/SNT/2024/02/28,Assam,Sonitpur,Mumps,4,0,11-01-2024,12-01-2024,Under Control
BH/PAC/2024/02/29,Bihar,Pashchim Champaran,Measles,17,0,06-01-2024,11-01-2024,Under Surveillance
BH/PAC/2024/02/30,Bihar,Pashchim Champaran,Measles,32,0,05-01-2024,10-01-2024,Under Surveillance
CT/RGR/2024/02/31,Chhattisgarh,Raigarh,Acute Diarrheal Disease,9,0,05-01-2024,08-01-2024,Under Control
GJ/SRD/2024/02/32,Gujarat,Surendranagar,Chikungunya,52,0,11-01-2024,11-01-2024,Under Surveillance
JH/ESI/2024/02/33,Jharkhand,East Singhbum,Chickenpox,10,0,12-01-2024,12-01-2024,Under Surveillance
KN/BEG/2024/02/34,Karnataka,Belagavi,Food Poisoning,92,0,11-01-2024,12-01-2024,Under Surveillance
KN/CMN/2024/02/35,Karnataka,Chamarajanagar,Acute Diarrheal Disease,19,0,05-01-2024,08-01-2024,Under Surveillance
KN/VIJ/2024/02/36,Karnataka,Vijayanagar,Acute Diarrheal Disease,34,0,09-01-2024,09-01-2024,Under Surveillance
KL/ALP/2024/02/37,Kerala,Alappuzha,Mumps,18,0,12-01-2024,12-01-2024,Under Surveillance
KL/CNR/2024/02/38,Kerala,Kannur,Food Poisoning,83,0,09-01-2024,10-01-2024,Under Surveillance
KL/KAS/2024/02/39,Kerala,Kasaragod,Acute Diarrheal Disease,43,0,08-01-2024,10-01-2024,Under Control
KL/PLK/2024/02/40,Kerala,Palakkad,Hepatitis A,9,0,11-01-2024,12-01-2024,Under Surveillance
KL/PLK/2024/02/41,Kerala,Palakkad,Food Poisoning,41,0,12-01-2024,12-01-2024,Under Surveillance
KL/THI/2024/02/42,Kerala,Thiruvananthapuram,Food Poisoning,16,0,08-01-2024,09-01-2024,Under Control
MP/DHR/2024/02/43,Madhya Pradesh,Dhar,Animal Bite - Dog Bite,13,0,11-01-2024,12-01-2024,Under Surveillance
MP/GUN/2024/02/44,Madhya Pradesh,Guna,Measles,12,0,06-01-2024,12-01-2024,Under Surveillance
MH/KOP/2024/02/45,Maharashtra,Kolhapur,Hepatitis A,42,0,12-01-2024,12-01-2024,Under Surveillance
OR/DEO/2024/02/46,Odisha,Deogarh,Food Poisoning,250,0,08-01-2024,08-01-2024,Under Control
TN/TNJ/2024/02/47,Tamil Nadu,Thanjavur,Cholera,41,0,12-01-2024,13-01-2024,Under Control
TN/VIR/2024/02/48,Tamil Nadu,Virudhunagar,Mumps,15,0,12-01-2024,12-01-2024,Under Surveillance
UP/JLA/2024/02/49,Uttar Pradesh,Jalaun,Measles,5,0,08-01-2024,10-01-2024,Under Surveillance
WB/BWN/2024/02/50,West Bengal,Purba Bardhaman,Food Poisoning,164,0,06-01-2024,09-01-2024,Under Control
WB/BWN/2024/02/51,West Bengal,Purba Bardhaman,Food Poisoning,72,0,03-01-2024,Under Control
AR/EKM/2024/03/052,Arunachal Pradesh,East Kameng,Human Rabies,1,1,13-01-2024,19-01-2024,Under Control
GJ/ARL/2024/03/053,Gujarat,Amreli,Acute Diarrheal Disease,68,0,18-01-2024,18-01-2024,Under Control
GJ/MRB/2024/03/054,Gujarat,Morbi,Hepatitis A,22,0,16-01-2024,17-01-2024,Under Surveillance
JH/SIM/2024/03/055,Jharkhand,Simdega,Chickenpox,23,0,17-01-2024,17-01-2024,Under Surveillance
KN/CHI/2024/03/056,Karnataka,Chitradurga,Acute Diarrheal Disease,5,0,14-01-2024,17-01-2024,Under Control
KN/SHI/2024/03/057,Karnataka,Shivamogga,Kyasanur Forest Disease,297,0,18-01-2024,20-01-2024,Under Surveillance
KN/SHI/2024/03/058,Karnataka,Shivamogga,Kyasanur Forest Disease,53,0,18-01-2024,20-01-2024,Under Surveillance
KN/KRW/2024/03/059,Karnataka,Uttar Kannad,Kyasanur Forest Disease,310,0,18-01-2024,19-01-2024,Under Surveillance
KL/KAS/2024/03/060,Kerala,Kasaragod,Food Poisoning,141,0,18-01-2024,18-01-2024,Under Control
KL/KTM/2024/03/0561,Kerala,Kottayam,Dengue,39,0,12-01-2024,19-01-2024,Under Surveillance
KL/KTM/2024/03/0562,Kerala,Kottayam,Hepatitis A,6,0,12-01-2024,16-01-2024,Under Surveillance
MP/BPL/2024/03/0563,Madhya Pradesh,Bhopal,Mumps,18,0,12-01-2024,17-01-2024,Under Surveillance
MP/BUH/2024/03/0564,Madhya Pradesh,Burhanpur,Mumps,33,0,18-01-2024,19-01-2024,Under Surveillance
MP/GWL/2024/03/0565,Madhya Pradesh,Gwalior,Mumps,31,0,20-01-2024,20-01-2024,Under Surveillance
MP/SHR/2024/03/0566,Madhya Pradesh,Sheopur,Fever with Rash,23,0,20-01-2024,20-01-2024,Under Surveillance
MP/SVP/2024/03/0567,Madhya Pradesh,Shivpuri,Measles,18,2,13-01-2024,15-01-2024,Under Surveillance
MH/THN/2024/03/0568,Maharashtra,Thane,Dengue,5,1,12-01-2024,16-01-2024,Under Surveillance
OR/BAG/2024/03/0569,Odisha,Balangir,Acute Diarrheal Disease,39,0,16-01-2024,16-01-2024,Under Control
OR/BAR/2024/03/070,Odisha,Boudh,Acute Diarrheal Disease,42,0,19-01-2024,20-01-2024,Under Control
OR/CUT/2024/03/071,Odisha,Cuttack,Acute Diarrheal Disease,7,0,14-01-2024,15-01-2024,Under Control
OR/GJM/2024/03/072,Odisha,Ganjam,Fever with Rash,18,0,16-01-2024,18-01-2024,Under Control
OR/KPT/2024/03/073,Odisha,Koraput,Acute Diarrheal Disease,30,0,20-01-2024,20-01-2024,Under Surveillance
OR/PRI/2024/03/074,Odisha,Puri,Acute Diarrheal Disease,16,0,16-01-2024,16-01-2024,Under Control
PN/PRI/2024/03/075,Puducherry,Pondicherry,Chikungunya,18,0,19-01-2024,19-01-2024,Under Surveillance
TN/PER/2024/03/076,Tamil Nadu,Perambalur,Mumps,9,0,19-01-2024,19-01-2024,Under Control
UP/CKH/2024/03/077,Uttar Pradesh,Chandauli,Measles,43,0,01-01-2024,19-01-2024,Under Control
KL/WYN/2024/03/078,Kerala,Wayanad,Acute Diarrheal Disease,18,0,09-01-2024,Under Surveillance
MP/GUN/2024/03/079,Madhya Pradesh,Guna,Measles,12,0,10-01-2024,Under Control
MP/GUN/2024/03/080,Madhya Pradesh,Guna,Measles,12,0,08-01-2024,Under Control
MH/BNR/2024/03/081,Maharashtra,Bhandara,Acute Diarrheal Disease,29,0,09-01-2024,Under Surveillance
MH/THN/2024/03/082,Maharashtra,Thane,Dengue,13,0,29-12-2023,Under Surveillance
AR/EKM/2024/04/083,Arunachal Pradesh,East Kameng,Measles,11,0,25-01-2024,25-01-2024,Under Surveillance
DN/DMN/2024/04/084,D&N Haveli And Daman And Diu,Daman,Food Poisoning,24,0,23-01-2024,23-01-2024,Under Control
GJ/GAN/2024/04/085,Gujarat,Gandhinagar,Acute Diarrheal Disease,117,0,23-01-2024,24-01-2024,Under Control
GJ/VSD/2024/04/086,Gujarat,Valsad,Acute Diarrheal Disease,73,0,22-01-2024,23-01-2024,Under Control
JK/BGM/2024/04/087,Jammu and Kashmir,Badgam,Jaundice,46,0,24-01-2024,25-01-2024,Under Surveillance
JH/KUT/2024/04/088,Jharkhand,Khunti,Measles,3,0,26-01-2024,27-01-2024,Under Surveillance
KN/HAV/2024/04/089,Karnataka,Haveri,Acute Diarrheal Disease,54,0,22-01-2024,24-01-2024,Under Control
KN/RCR/2024/04/090,Karnataka,Raichur,Chikungunya,9,0,25-01-2024,26-01-2024,Under Surveillance
KL/ALP/2024/04/091,Kerala,Alappuzha,Mumps,9,0,28-01-2024,28-01-2024,Under Surveillance
KL/ERN/2024/04/092,Kerala,Ernakulam,Acute Diarrheal Disease,123,0,23-01-2024,28-01-2024,Under Surveillance
KL/CNR/2024/04/093,Kerala,Kannur,Melioidosis,1,0,25-01-2024,27-01-2024,Under Surveillance
KL/CNR/2024/04/094,Kerala,Kannur,Melioidosis,1,0,22-01-2024,23-01-2024,Under Surveillance
KL/KAS/2024/04/095,Kerala,Kozhikode,Hepatitis A,27,0,24-01-2024,24-01-2024,Under Surveillance
KL/PLK/2024/04/096,Kerala,Palakkad,Chicken Pox,28,0,23-01-2024,23-01-2024,Under Surveillance
MP/RWA/2024/04/097,Madhya Pradesh,Rewa,Food Poisoning,64,0,26-01-2024,27-01-2024,Under Surveillance
MH/BUL/2024/04/098,Maharashtra,Buldhana,Mumps,5,0,25-01-2024,25-01-2024,Under Surveillance
MH/PLR/2024/04/099,Maharashtra,Palghar,Dengue,16,0,24-01-2024,24-01-2024,Under Surveillance
OR/CUT/2024/04/100,Odisha,Cuttack,Food Poisoning,34,0,25-01-2024,25-01-2024,Under Control
OR/GJM/2024/04/101,Odisha,Ganjam,Acute Diarrheal Disease,19,0,23-01-2024,23-01-2024,Under Control
OR/SUN/2024/04/102,Odisha,Sundargarh,Food Poisoning,27,0,27-01-2024,28-01-2024,Under Surveillance
PB/FER/2024/04/103,Punjab,Firozepur,Measles,4,0,25-01-2024,26-01-2024,Under Surveillance
TN/TNJ/2024/04/104,Tamil Nadu,Thanjavur,Mumps,17,0,24-01-2024,26-01-2024,Under Surveillance
TN/TVL/2024/04/105,Tamil Nadu,Thiruvallur,Chickenpox,14,0,22-01-2024,22-01-2024,Under Surveillance
AS/LKM/2024/04/106,Assam,Lakhimpur,Leptospirosis,4,0,22-12-2023,Under Surveillance
KL/TRC/2024/04/107,Kerala,Thrissur,Chickenpox,23,0,15-01-2024,Under Surveillance
MG/EKH/2024/04/0108,Meghalaya,East Khasi Hills,Measles,66,1,08-01-2024,Under Surveillance
MG/JTH/2024/04/109,Meghalaya,West Jaintia Hills,Measles,24,0,15-01-2024,Under Surveillance
MG/JTH/2024/04/110,Meghalaya,West Jaintia Hills,Human Rabies,1,1,17-01-2024,Under Control
UP/VRN/2024/04/111,Uttar Pradesh,Bhadohi,Measles,6,0,09-01-2024,Under Surveillance
BH/BGS/2024/05/112,Bihar,Begusarai,Fever with Rash,11,0,31-01-2024,02-02-2024,Under Surveillance
GJ/AHM/2024/05/113,Gujarat,Ahmedabad,Cholera,129,0,03-02-2024,03-02-2024,Under Control
GJ/AND/2024/05/114,Gujarat,Anand,Mumps,19,0,31-01-2024,31-01-2024,Under Control
GJ/VAD/2024/05/115,Gujarat,Vadodara,Acute Diarrheal Disease,86,0,02-02-2024,02-02-2024,Under Surveillance
JK/ANG/2024/05/116,Jammu and Kashmir,Anantnag,Acute Diarrheal Disease,87,0,29-01-2024,30-01-2024,Under Surveillance
JK/SHP/2024/05/117,Jammu and Kashmir,Shopian,Hepatitis A,10,0,02-02-2024,03-02-2024,Under Surveillance
JK/SHP/2024/05/118,Jammu and Kashmir,Shopian,Hepatitis A,19,0,02-02-2024,02-02-2024,Under Surveillance
JK/SHP/2024/05/119,Jammu and Kashmir,Shopian,Hepatitis A,10,0,31-01-2024,01-02-2024,Under Surveillance
JK/SHP/2024/05/120,Jammu and Kashmir,Shopian,Hepatitis A,15,0,31-01-2024,31-01-2024,Under Surveillance
JK/SHP/2024/05/121,Jammu and Kashmir,Shopian,Hepatitis A,5,0,30-01-2024,31-01-2024,Under Surveillance
JH/ESI/2024/05/122,Jharkhand,East Singhbum,Chickenpox,13,0,02-02-2024,02-02-2024,Under Surveillance
KN/CMN/2024/05/123,Karnataka,Chamarajanagar,Diphtheria,1,1,30-01-2024,01-02-2024,Under Surveillance
KN/CKM/2024/05/124,Karnataka,Chikkamagaluru,Kyasanur Forest Disease,60,0,01-02-2024,01-02-2024,Under Surveillance
KN/CKM/2024/05/125,Karnataka,Chikkamagaluru,Kyasanur Forest Disease,13,1,30-01-2024,01-02-2024,Under Surveillance
KL/PLK/2024/05/126,Kerala,Palakkad,Dengue,18,0,02-02-2024,03-02-2024,Under Surveillance
KL/PLK/2024/05/127,Kerala,Palakkad,Chickenpox,5,0,02-02-2024,02-02-2024,Under Surveillance
KL/PLK/2024/05/128,Kerala,Palakkad,Mumps,16,0,31-01-2024,31-01-2024,Under Surveillance
KL/PLK/2024/05/129,Kerala,Palakkad,Fever with Rash,6,0,31-01-2024,31-01-2024,Under Surveillance
MP/ARR/2024/05/130,Madhya Pradesh,Alirajpur,Mumps,27,0,01-02-2024,01-02-2024,Under Surveillance
MP/DHR/2024/05/131,Madhya Pradesh,Dhar,Mumps,39,0,01-02-2024,02-02-2024,Under Surveillance
MP/GUN/2024/05/132,Madhya Pradesh,Guna,Chickenpox,8,0,31-01-2024,31-01-2024,Under Surveillance
MP/VRN/2024/05/133,Madhya Pradesh,Gwalior,Mumps,7,0,04-02-2024,04-02-2024,Under Surveillance
MP/NSP/2024/05/134,Madhya Pradesh,Narsinghpur,Chickenpox,7,0,31-01-2024,31-01-2024,Under Surveillance
MH/KOP/2024/05/135,Maharashtra,Kolhapur,Hepatitis A&E,101,0,03-02-2024,03-02-2024,Under Surveillance
MH/THN/2024/05/136,Maharashtra,Thane,Acute Diarrheal Disease,110,0,31-01-2024,31-01-2024,Under Surveillance
OR/BAG/2024/05/137,Odisha,Bargarh,Food Poisoning,347,0,31-01-2024,31-01-2024,Under Control
OR/DEO/2024/05/138,Odisha,Deogarh,Food Poisoning,42,0,30-01-2024,31-01-2024,Under Control
OR/DEO/2024/05/139,Odisha,Deogarh,Chickenpox,15,0,29-01-2024,29-01-2024,Under Control
OR/JHA/2024/05/140,Odisha,Jharsuguda,Food Poisoning,42,0,02-02-2024,02-02-2024,Under Control
OR/KPT/2024/05/141,Odisha,Koraput,Acute Diarrheal Disease,18,0,02-02-2024,02-02-2024,Under Control
OR/MBJ/2024/05/142,Odisha,Mayurbhanj,Acute Diarrheal Disease,12,0,02-02-2024,02-02-2024,Under Control
OR/SUN/2024/05/143,Odisha,Sundargarh,Acute Diarrheal Disease,7,0,28-01-2024,02-02-2024,Under Control
PB/NWS/2024/05/144,Punjab,Shahid Bhagat Singh Nagar,Mumps,13,0,01-02-2024,01-02-2024,Under Control
TN/AIR/2024/05/145,Tamil Nadu,Ariyalur,Food Poisoning,6,0,29-01-2024,30-01-2024,Under Control
TN/TRR/2024/05/146,Tamil Nadu,Tiruppur,Fever,7,0,31-01-2024,31-01-2024,Under Surveillance
WB/BRB/2024/05/150,West Bengal,Birbhum,Acute Diarrheal Disease,122,0,01-02-2024,01-02-2024,Under Control
WB/HWR/2024/05/151,West Bengal,Howrah,Acute Diarrheal Disease,67,0,30-01-2024,30-01-2024,Under Control
BH/MBN/2024/06/160,Bihar,Madhubani,Measles,16,0,10-02-2024,10-02-2024,Under Surveillance
BH/PUC/2024/06/161,Bihar,Purbi Champaran,Fever with Rash,14,0,01-02-2024,05-02-2024,Under Surveillance
CT/BJP/2024/06/162,Chhattisgarh,Bijapur,Dengue,24,0,08-02-2024,08-02-2024,Under Surveillance
CT/GID/2024/06/163,Chhattisgarh,Gariyaband,Acute Diarrheal Disease,41,0,09-02-2024,09-02-2024,Under Control
CT/SUA/2024/06/164,Chhattisgarh,Sukma,Measles,40,0,04-02-2024,08-02-2024,Under Control
GJ/VSD/2024/06/165,Gujarat,Valsad,Acute Diarrheal Disease,73,0,07-02-2024,07-02-2024,Under Control
JH/DMK/2024/06/166,Jharkhand,Dumka,Chickenpox,13,0,06-02-2024,06-02-2024,Under Surveillance
KN/DKK/2024/06/167,Karnataka,Dakshin Kannad,Shigellosis,39,0,07-02-2024,07-02-2024,Under Control
KN/KPP/2024/06/168,Karnataka,Koppal,Chikungunya,53,0,09-02-2024,09-02-2024,Under Control
KN/TUM/2024/06/169,Karnataka,Tumakuru,Acute Diarrheal Disease,60,0,08-02-2024,09-02-2024,Under Surveillance
KL/KAS/2024/06/170,Kerala,Kasaragod,Food Poisoning,78,0,04-02-2024,05-02-2024,Under Control
KL/KOZ/2024/06/171,Kerala,Kozhikode,Hepatitis A,13,0,03-02-2024,05-02-2024,Under Surveillance
KL/MLP/2024/06/172,Kerala,Malappuram,Acute Diarrheal Disease,10,0,09-02-2024,09-02-2024,Under Surveillance
KL/MLP/2024/06/173,Kerala,Malappuram,Hepatitis A,47,0,08-02-2024,08-02-2024,Under Surveillance
MP/ARR/2024/06/178,Madhya Pradesh,Alirajpur,Mumps,38,0,02-02-2024,06-02-2024,Under Surveillance
MP/BTU/2024/06/181,Madhya Pradesh,Betul,Mumps,13,0,08-02-2024,09-02-2024,Under Surveillance
MP/GUN/2024/06/182,Madhya Pradesh,Guna,Measles,9,0,06-02-2024,06-02-2024,Under Surveillance
MH/NAN/2024/06/183,Maharashtra,Nanded,Acute Diarrheal Disease,1000,0,07-02-2024,07-02-2024,Under Control
MH/PRB/2024/06/187,Maharashtra,Parbhani,Food Poisoning,629,0,07-02-2024,09-02-2024,Under Control
TN/MDR/2024/06/191,Tamil Nadu,Madurai,Leptospirosis,14,0,05-02-2024,08-02-2024,Under Control
TN/TNJ/2024/06/192,Tamil Nadu,Thanjavur,Mumps,22,0,06-02-2024,07-02-2024,Under Surveillance
TN/TVL/2024/06/194,Tamil Nadu,Thiruvallur,Acute Diarrheal Disease,131,0,08-02-2024,08-02-2024,Under Control
TL/PAY/2024/06/195,Telangana,Peddapalli,Acute Diarrheal Disease,33,2,10-02-2024,11-02-2024,Under Control
AS/DHE/2024/07/199,Assam,Dhemaji,Chickenpox,8,0,17-02-2024,17-02-2024,Under Surveillance
BH/ARW/2024/07/200,Bihar,Arwal,Acute Diarrheal Disease,15,0,10-02-2024,15-02-2024,Under Control
BH/BGS/2024/07/201,Bihar,Begusarai,Fever with Rash,9,0,11-02-2024,13-02-2024,Under Surveillance
BH/JAH/2024/07/202,Bihar,Jehanabad,Measles,8,0,13-02-2024,15-02-2024,Under Surveillance
CT/SUA/2024/07/203,Chhattisgarh,Sukma,Measles,6,0,10-02-2024,12-02-2024,Under Control
GJ/AHM/2024/07/204,Gujarat,Ahmedabad,Food Poisoning,16,0,13-02-2024,13-02-2024,Under Control
GJ/JNR/2024/07/205,Gujarat,Jamnagar,Chikungunya,9,0,08-02-2024,12-02-2024,Under Surveillance
HR/MWT/2024/07/207,Haryana,Nuh,Food Poisoning,15,0,09-02-2024,12-02-2024,Under Control
HP/MAN/2024/07/208,Himachal Pradesh,Mandi,Acute Diarrheal Disease,26,0,14-02-2024,15-02-2024,Under Control
KL/KOZ/2024/07/213,Kerala,Kozhikode,Typhoid,57,0,16-02-2024,16-02-2024,Under Surveillance
MP/MND/2024/07/221,Madhya Pradesh,Mandla,Scrub Typhus,5,0,15-02-2024,15-02-2024,Under Surveillance
MH/OSM/2024/07/226,Maharashtra,Osmanabad,Malaria,9,0,15-02-2024,15-02-2024,Under Control
MH/RGD/2024/07/227,Maharashtra,Raigad,Dengue,6,1,14-02-2024,18-02-2024,Under Surveillance
OR/BAG/2024/07/230,Odisha,Balangir,Acute Diarrheal Disease,18,0,12-02-2024,14-02-2024,Under Control
PB/FTH/2024/07/237,Punjab,Fatehgarh Sahib,Mumps,81,0,12-02-2024,17-02-2024,Under Surveillance
TN/AIR/2024/07/238,Tamil Nadu,Ariyalur,Food Poisoning,4,1,12-02-2024,12-02-2024,Under Control
UP/BAL/2024/07/239,Uttar Pradesh,Ballia,Measles,5,0,13-02-2024,14-02-2024,Under Surveillance
AS/BON/2024/08/242,Assam,Bongaigaon,Animal Bite - Dog Bite,1,1,21-02-2024,22-02-2024,Under Control
AS/GLP/2024/08/243,Assam,Goalpara,Chickenpox,10,0,22-02-2024,23-02-2024,Under Surveillance
AS/SNT/2024/08/244,Assam,Sonitpur,Fever,14,0,22-01-2024,22-02-2024,Under Control
AS/UAL/2024/08/245,Assam,Udalguri,Human Rabies,1,1,22-02-2024,22-02-2024,Under Surveillance
BH/BGS/2024/08/246,Bihar,Begusarai,Fever with Rash,9,0,19-02-2024,21-02-2024,Under Surveillance
BH/SMP/2024/08/247,Bihar,Samastipur,Measles,11,0,19-02-2024,20-02-2024,Under Surveillance
CT/BMA/2024/08/248,Chhattisgarh,Bemetara,Food Poisoning,80,0,23-02-2024,24-02-2024,Under Surveillance
JH/WSI/2024/08/249,Jharkhand,West Singhbhum,Measles,11,0,20-02-2024,20-02-2024,Under Surveillance
KN/BGK/2024/08/250,Karnataka,Bagalkot,Mumps,20,0,22-02-2024,23-02-2024,Under Surveillance
KN/HAV/2024/08/251,Karnataka,Haveri,Food Poisoning,24,0,19-02-2024,19-02-2024,Under Control
WB/UDU/2024/08/252,Karnataka,Udupi,Kyasanur Forest Disease,1,0,24-02-2024,25-02-2024,Under Surveillance
KN/VJP/2024/08/253,Karnataka,Vijayapura,Human Rabies,1,1,21-02-2024,22-02-2024,Under Surveillance
KL/CNR/2024/08/254,Kerala,Kannur,Mumps,11,0,15-02-2024,19-02-2024,Under Surveillance
KL/KOA/2024/08/255,Kerala,Kollam,Food Poisoning,22,0,22-02-2024,22-02-2024,Under Surveillance
KL/KOZ/2024/08/256,Kerala,Kozhikode,Hepatitis A,15,0,19-02-2024,19-02-2024,Under Surveillance
KL/TRC/2024/08/257,Kerala,Thrissur,Food Poisoning,60,0,21-02-2024,23-02-2024,Under Surveillance
MP/JHB/2024/08/258,Madhya Pradesh,Jhabua,Measles,13,1,19-02-2024,19-02-2024,Under Surveillance
MP/SNA/2024/08/259,Madhya Pradesh,Satna,Chickenpox,21,0,17-02-2024,19-02-2024,Under Surveillance
MP/SVP/2024/08/260,Madhya Pradesh,Shivpuri,Measles,2,0,18-02-2024,20-02-2024,Under Surveillance
MP/UMR/2024/08/261,Madhya Pradesh,Umaria,Fever with Rash,6,0,20-02-2024,20-02-2024,Under Surveillance
MH/BUL/2024/08/262,Maharashtra,Buldhana,Food Poisoning,208,0,20-02-2024,22-02-2024,Under Control
MH/NDB/2024/08/263,Maharashtra,Nandurbar,Acute Diarrheal Disease,193,0,21-02-2024,23-02-2024,Under Surveillance
MH/YVT/2024/08/264,Maharashtra,Yavatmal,Food Poisoning,68,0,20-02-2024,20-02-2024,Under Control
MG/JTH/2024/08/265,Meghalaya,West Jaintia Hills,Measles,23,0,22-02-2024,23-02-2024,Under Surveillance
MG/JTH/2024/08/266,Meghalaya,West Jaintia Hills,Human Rabies,1,1,17-02-2024,23-02-2024,Under Surveillance
OR/BAG/2024/08/267,Odisha,Balangir,Acute Diarrheal Disease,20,0,20-02-2024,20-02-2024,Under Control
OR/BHD/2024/08/268,Odisha,Bhadrak,Acute Diarrheal Disease,29,0,23-02-2024,25-02-2024,Under Surveillance
OR/DNK/2024/08/269,Odisha,Dhenkanal,Acute Diarrheal Disease,22,0,20-02-2024,21-02-2024,Under Control
PN/PON/2024/08/270,Puducherry,Pondicherry,Chickenpox,17,0,20-02-2024,22-02-2024,Under Surveillance
PB/FZA/2024/08/271,Punjab,Fazilka,Mumps,7,0,21-02-2024,21-02-2024,Under Control
TN/CMB/2024/08/272,Tamil Nadu,Coimbatore,Chickenpox,12,0,21-02-2024,22-02-2024,Under Surveillance
TN/CMB/2024/08/273,Tamil Nadu,Coimbatore,Mumps,40,0,20-02-2024,20-02-2024,Under Surveillance
TN/VIL/2024/08/274,Tamil Nadu,Kallakurichi,Chickenpox,18,0,23-02-2024,23-02-2024,Under Surveillance
UP/FZB/2024/08/275,Uttar Pradesh,Faizabad,Fever with Rash,12,0,16-02-2024,25-02-2024,Under Surveillance
UK/NAI/2024/08/276,Uttarakhand,Nainital,Food Poisoning,23,0,16-02-2024,21-02-2024,Under Control
WB/MRS/2024/08/277,West Bengal,Murshidabad,Cholera,20,0,16-02-2024,20-02-2024,Under Control
WB/BWN/2024/08/278,West Bengal,Purba Bardhaman,Food Poisoning,32,0,16-02-2024,23-02-2024,Under Control
AP/CDP/2024/09/286,Andhra Pradesh,Y.S.R.,Acute Diarrheal Disease,22,0,22-02-2024,26-02-2024,Under Surveillance
AR/UPS/2024/09/287,Arunachal Pradesh,Upper Subansiri,Mushroom Poisoning,7,1,27-02-2024,28-02-2024,Under Control
AS/DAR/2024/09/288,Assam,Darrang,Food Poisoning,9,0,26-02-2024,28-02-2024,Under Control
AS/GLP/2024/09/289,Assam,Goalpara,Human Rabies,1,1,24-02-2024,26-02-2024,Under Control
AS/JRT/2024/09/290,Assam,Jorhat,Acute Diarrheal Disease,13,0,28-02-2024,28-02-2024,Under Surveillance
BH/BHJ/2024/09/291,Bihar,Bhojpur,Acute Diarrheal Disease,0,27-02-2024,27-02-2024,Under Surveillance
BH/SAR/2024/09/292,Bihar,Saharsa,Measles,14,0,29-02-2024,29-02-2024,Under Surveillance
CT/RGR/2024/09/293,Chhattisgarh,Raigarh,Acute Diarrhoeal Disease,24,0,28-02-2024,28-02-2024,Under Control
CT/SUA/2024/09/294,Chhattisgarh,Sukma,Measles,7,0,28-02-2024,29-02-2024,Under Control
CT/SUA/2024/09/295,Chhattisgarh,Sukma,Measles,31,0,27-02-2024,28-02-2024,Under Control
GJ/GAN/2024/09/296,Gujarat,Gandhinagar,Cholera,216,0,27-02-2024,28-02-2024,Under Surveillance
GJ/GSN/2024/09/297,Gujarat,Gir Somnath,Acute Diarrheal Disease,7,0,01-03-2024,01-03-2024,Under Surveillance
GJ/GSN/2024/09/298,Gujarat,Gir Somnath,Acute Diarrheal Disease,47,0,26-02-2024,26-02-2024,Under Control
GJ/JGH/2024/09/299,Gujarat,Junagadh,Food Poisoning,17,0,28-02-2024,29-02-2024,Under Control
JH/CHA/2024/09/300,Jharkhand,Chatra,Chickenpox,7,0,25-02-2024,28-02-2024,Under Control
JH/DEO/2024/09/301,Jharkhand,Deoghar,Acute Diarrheal Disease,67,0,26-02-2024,27-02-2024,Under Control
JH/DMK/2024/09/302,Jharkhand,Dumka,Chickenpox,5,0,26-02-2024,27-02-2024,Under Surveillance
KN/KRW/2024/09/303,Karnataka,Uttar Kannad,Kyasanur Forest Disease,139,1,01-03-2024,01-03-2024,Under Surveillance
KN/KRW/2024/09/304,Karnataka,Uttar Kannad,Kyasanur Forest Disease,133,0,27-02-2024,29-02-2024,Under Surveillance
KL/ALP/2024/09/305,Kerala,Alappuzha,Acute Diarrheal Disease,22,0,02-03-2024,03-03-2024,Under Surveillance
KL/ERN/2024/09/306,Kerala,Ernakulam,Dengue,16,0,29-02-2024,02-03-2024,Under Surveillance
KL/IDK/2024/09/307,Kerala,Idukki,Mumps,6,0,28-02-2024,28-02-2024,Under Surveillance
KL/CNR/2024/09/308,Kerala,Kannur,Mumps,10,0,27-02-2024,29-02-2024,Under Surveillance
KL/KAS/2024/09/309,Kerala,Kasaragod,Hepatitis A,41,0,28-02-2024,01-03-2024,Under Surveillance
KL/KTM/2024/09/310,Kerala,Kottayam,Chickenpox,28,0,28-02-2024,28-02-2024,Under Surveillance
KL/KOZ/2024/09/311,Kerala,Kozhikode,Mumps,16,0,01-03-2024,01-03-2024,Under Surveillance
KL/MLP/2024/09/312,Kerala,Malappuram,Acute Hepatitis-A,409,3,26-02-2024,27-02-2024,Under Surveillance
KL/PLK/2024/09/313,Kerala,Palakkad,Hepatitis A,18,0,26-02-2024,27-02-2024,Under Surveillance
KL/THI/2024/09/314,Kerala,Thiruvananthapuram,Acute Diarrheal Disease,199,0,02-03-2024,02-03-2024,Under Control
KL/THI/2024/09/315,Kerala,Thiruvananthapuram,Acute Diarrheal Disease,27,0,02-03-2024,02-03-2024,Under Surveillance
AR/PPM/2024/10/347,Arunachal Pradesh,Papumpare,Human Rabies,1,1,04-03-2024,04-03-2024,Under Surveillance
AS/SNT/2024/10/348,Assam,Biswanath,Hepatitis A,25,2,02-03-2024,04-03-2024,Under Surveillance
AS/GLP/2024/10/349,Assam,Goalpara,Hepatitis A,28,0,05-03-2024,07-03-2024,Under Surveillance
AS/UAL/2024/10/350,Assam,Udalguri,Food Poisoning,17,0,06-03-2024,08-03-2024,Under Surveillance
BH/SAR/2024/10/351,Bihar,Saharsa,Measles,11,0,05-03-2024,05-03-2024,Under Surveillance
CT/SUA/2024/10/352,Chhattisgarh,Sukma,Measles,93,0,01-03-2024,04-03-2024,Under Surveillance
CT/SUA/2024/10/353,Chhattisgarh,Sukma,Fever with Rash,13,0,01-03-2024,04-03-2024,Under Surveillance
GJ/AND/2024/10/354,Gujarat,Anand,Acute Diarrheal Disease,39,0,06-03-2024,06-03-2024,Under Control
GJ/AVL/2024/10/355,Gujarat,Arvalli,Acute Diarrheal Disease,17,0,05-03-2024,05-03-2024,Under Control
HP/MAN/2024/10/356,Himachal Pradesh,Mandi,Hepatitis A,11,0,05-03-2024,06-03-2024,Under Control
KN/KRW/2024/10/357,Karnataka,Uttar Kannad,Kyasanur Forest Disease,2,0,09-03-2024,09-03-2024,Under Surveillance
KL/MLP/2024/10/358,Kerala,Malappuram,Hepatitis A,36,0,06-03-2024,07-03-2024,Under Surveillance
MP/SGR/2024/10/359,Madhya Pradesh,Sagar,Measles,44,0,24-01-2024,06-03-2024,Under Surveillance
MH/DHL/2024/10/360,Maharashtra,Dhule,Food Poisoning,25,0,09-03-2024,09-03-2024,Under Surveillance
MH/HIN/2024/10/361,Maharashtra,Hingoli,Acute Diarrheal Disease,21,0,08-03-2024,10-03-2024,Under Surveillance
MH/KOP/2024/10/362,Maharashtra,Kolhapur,Hepatitis A,22,0,05-03-2024,06-03-2024,Under Surveillance
MH/LTR/2024/10/363,Maharashtra,Latur,Food Poisoning,48,0,08-03-2024,10-03-2024,Under Control
MH/NDB/2024/10/364,Maharashtra,Nandurbar,Acute Diarrheal Disease,18,0,09-03-2024,09-03-2024,Under Surveillance
MH/NDB/2024/10/365,Maharashtra,Nandurbar,Acute Diarrheal Disease,76,0,08-03-2024,08-03-2024,Under Surveillance
MH/SIN/2024/10/366,Maharashtra,Sindhudurg,Acute Diarrheal Disease,146,0,08-03-2024,08-03-2024,Under Surveillance
OR/GJN/2024/10/367,Odisha,Ganjam,Cholera,72,0,06-03-2024,07-03-2024,Under Control
OR/JHA/2024/10/368,Odisha,Jharsuguda,Food Poisoning,53,0,04-03-2024,04-03-2024,Under Control
OR/MAL/2024/10/369,Odisha,Malkangiri,Food Poisoning,28,1,06-03-2024,06-03-2024,Under Surveillance
OR/SBP/2024/10/370,Odisha,Sambalpur,Acute Diarrheal Disease,42,0,07-03-2024,07-03-2024,Under Surveillance
OR/SUN/2024/10/371,Odisha,Sundargarh,Acute Diarrheal Disease,16,0,09-03-2024,10-03-2024,Under Control
RJ/KOT/2024/10/372,Rajasthan,Kota,Food Poisoning,104,0,06-03-2024,07-03-2024,Under Surveillance
TN/KRI/2024/10/373,Tamil Nadu,Krishnagiri,Mumps,6,0,06-03-2024,07-03-2024,Under Surveillance
TN/PER/2024/10/374,Tamil Nadu,Perambalur,Dengue,88,0,07-03-2024,07-03-2024,Under Surveillance
TN/TPL/2024/10/375,Tamil Nadu,Tiruchirappalli,Mumps,17,0,04-03-2024,06-03-2024,Under Surveillance
TN/TPL/2024/10/376,Tamil Nadu,Tiruchirappalli,Chickenpox,64,0,05-03-2024,06-03-2024,Under Surveillance
TN/TVM/2024/10/377,Tamil Nadu,Tiruvannamalai,Mumps,8,0,05-03-2024,06-03-2024,Under Surveillance
DH/DNH/2024/10/378,Dadra And Nagar Haveli And Daman And Diu,Dadra And Nagar Haveli,Mumps,6,0,05-03-2024,06-03-2024,Under Surveillance
UP/BAL/2024/10/379,Uttar Pradesh,Ballia,Leptospirosis,3,0,01-03-2024,04-03-2024,Under Surveillance
AR/EKM/2024/10/380,Arunachal Pradesh,East Kameng,Human Rabies,2,2,16-02-2024,Under Control
CT/RGN/2024/10/381,Chhattisgarh,Rajnandgaon,Chickenpox,20,0,23-02-2024,Under Control
GO/PNJ/2024/10/382,Goa,North Goa,Kyasanur Forest Disease,6,0,28-02-2024,Under Surveillance
KL/MLP/2024/10/383,Kerala,Malappuram,Food Poisoning,20,0,29-02-2024,Under Control
TN/KRI/2024/10/384,Tamil Nadu,Krishnagiri,Measles,14,0,21-02-2024,Under Surveillance
UP/FAT/2024/10/385,Uttar Pradesh,Fatehpur,Fever with Rash,5,0,23-02-2024,Under Surveillance
AR/PPM/2024/11/386,Arunachal Pradesh,Papumpare,Mumps,115,0,14-03-2024,15-03-2024,Under Surveillance
AS/SNT/2024/11/387,Assam,Biswanath,Chickenpox,10,0,14-03-2024,14-03-2024,Under Surveillance
AS/DHU/2024/11/388,Assam,Dhubri,Measles,15,0,16-03-2024,16-03-2024,Under Surveillance
AS/DBG/2024/11/389,Assam,Dibrugarh,Measles,14,0,11-03-2024,11-03-2024,Under Surveillance
AS/GLP/2024/11/390,Assam,Goalpara,Measles,17,0,11-03-2024,12-03-2024,Under Control
AS/JRT/2024/11/391,Assam,Jorhat,Human Rabies,1,1,11-03-2024,11-03-2024,Under Control
AS/SBS/2024/11/392,Assam,Sivasagar,Acute Diarrheal Disease,8,0,14-03-2024,15-03-2024,Under Control
BH/SHS/2024/11/393,Bihar,Sheohar,Fever with Rash,7,0,15-03-2024,17-03-2024,Under Surveillance
BH/VSH/2024/11/394,Bihar,Vaishali,Measles,18,0,15-03-2024,16-03-2024,Under Surveillance
CT/BLS/2024/11/395,Chhattisgarh,Bilaspur,Measles,19,0,13-03-2024,14-03-2024,Under Control
CT/BLS/2024/11/396,Chhattisgarh,Bilaspur,Chickenpox,5,0,13-03-2024,13-03-2024,Under Control
CT/DUR/2024/11/397,Chhattisgarh,Durg,Measles,23,0,14-03-2024,15-03-2024,Under Control
GJ/AHM/2024/11/398,Gujarat,Ahmedabad,Acute Diarrheal Disease,17,0,08-03-2024,11-03-2024,Under Control
GJ/BHR/2024/11/399,Gujarat,Bharuch,Typhoid,59,0,12-03-2024,13-03-2024,Under Surveillance
GJ/JNR/2024/11/400,Gujarat,Jamnagar,Measles,10,0,11-03-2024,15-03-2024,Under Surveillance
GJ/KHD/2024/11/401,Gujarat,Kheda,Jaundice,6,0,11-03-2024,13-03-2024,Under Control
GJ/KHD/2024/11/402,Gujarat,Kheda,Food Poisoning,22,0,10-03-2024,11-03-2024,Under Control
HP/HPR/2024/11/403,Himachal Pradesh,Hamirpur,Acute Diarrheal Disease,290,0,11-03-2024,12-03-2024,Under Control
HP/KNG/2024/11/404,Himachal Pradesh,Kangra,Acute Diarrheal Disease,105,0,11-03-2024,13-03-2024,Under Control
JK/PWM/2024/11/405,Jammu and Kashmir,Pulwama,Hepatitis A,27,0,12-03-2024,12-03-2024,Under Surveillance
JH/DMK/2024/11/406,Jharkhand,Dumka,Chickenpox,10,0,10-03-2024,11-03-2024,Under Surveillance
AS/GLP/2024/12/462,Assam,Goalpara,Hepatitis A,40,0,21-03-2024,22-03-2024,Under Surveillance
AS/KMR/2024/12/463,Assam,Kamrup,Human Rabies,1,1,18-03-2024,19-03-2024,Under Control
AS/KMR/2024/12/464,Assam,Kamrup,Chickenpox,8,0,18-03-2024,19-03-2024,Under Control
AS/LKM/2024/12/465,Assam,Lakhimpur,Chickenpox,6,0,19-03-2024,19-03-2024,Under Control
BH/GYA/2024/12/466,Bihar,Gaya,Measles,5,0,20-03-2024,20-03-2024,Under Control
BH/MBN/2024/12/467,Bihar,Madhubani,Measles,12,0,21-03-2024,21-03-2024,Under Surveillance
BH/SMP/2024/12/468,Bihar,Samastipur,Fever with Rash,28,0,21-03-2024,21-03-2024,Under Control
CT/RPR/2024/12/469,Chhattisgarh,Raipur,Acute Diarrheal Disease,14,0,21-03-2024,21-03-2024,Under Control
CT/SUA/2024/12/470,Chhattisgarh,Sukma,Measles,15,0,19-03-2024,19-03-2024,Under Control
GJ/AHM/2024/12/471,Gujarat,Ahmedabad,Acute Diarrheal Disease,9,0,21-03-2024,21-03-2024,Under Control
GJ/DBD/2024/12/472,Gujarat,Devbhumi Dwarka,Food Poisoning,50,0,21-03-2024,21-03-2024,Under Control
GJ/RJK/2024/12/473,Gujarat,Rajkot,Acute Diarrheal Disease,222,0,20-03-2024,21-03-2024,Under Control
HP/MAN/2024/12/474,Himachal Pradesh,Mandi,Hepatitis A,88,0,20-03-2024,22-03-2024,Under Control
JK/JMU/2024/12/475,Jammu and Kashmir,Jammu,Hepatitis A,5,0,23-03-2024,23-03-2024,Under Control
JH/ESI/2024/12/476,Jharkhand,East Singhbum,Chickenpox,22,0,20-03-2024,20-03-2024,Under Control
JH/WSI/2024/12/477,Jharkhand,West Singhbhum,Fever with Rash,12,0,21-03-2024,22-03-2024,Under Surveillance
KN/CKR/2024/12/478,Karnataka,Chikballapur,Chikungunya,17,0,21-03-2024,21-03-2024,Under Control
KN/GDG/2024/12/479,Karnataka,Gadag,Dengue,45,0,22-03-2024,22-03-2024,Under Surveillance
AP/GNT/2024/13/518,Andhra Pradesh,Bapatla,Acute Diarrheal Disease,23,0,26-01-2024,28-03-2024,Under Control
AP/CTR/2024/13/519,Andhra Pradesh,Tirupati,Food Poisoning,12,0,25-03-2024,28-03-2024,Under Control
AS/DAR/2024/13/520,Assam,Darrang,Human Rabies,1,1,28-03-2024,28-03-2024,Under Control
AS/KMR/2024/13/521,Assam,Kamrup,Food Poisoning,66,0,28-03-2024,30-03-2024,Under Control
AS/KAD/2024/13/522,Assam,Karbi Anglong,Acute Diarrheal Disease,27,0,27-03-2024,28-03-2024,Under Control
AS/KOK/2024/13/523,Assam,Kokrajhar,Measles,9,0,27-03-2024,28-03-2024,Under Surveillance
AS/MAJ/2024/13/524,Assam,Majuli,Food Poisoning,52,0,30-03-2024,31-03-2024,Under Control
BH/KGR/2024/13/525,Bihar,Khagaria,Measles,5,0,20-03-2024,27-03-2024,Under Surveillance
GJ/COU/2024/13/526,Gujarat,Chhotaudepur,Acute Diarrheal Disease,50,0,27-03-2024,28-03-2024,Under Control
GJ/KUC/2024/13/527,Gujarat,Devbhumi Dwarka,Measles,8,0,30-03-2024,30-03-2024,Under Control
GJ/SRT/2024/13/528,Gujarat,Surat,Cholera,60,0,29-03-2024,30-03-2024,Under Control
JK/JMU/2024/13/529,Jammu and Kashmir,Jammu,Mumps,5,0,30-03-2024,30-03-2024,Under Control
JK/KTU/2024/13/530,Jammu and Kashmir,Kathua,Mumps,8,0,27-03-2024,28-03-2024,Under Surveillance
JH/ESI/2024/13/531,Jharkhand,East Singhbum,Acute Diarrheal Disease,25,0,26-03-2024,26-03-2024,Under Control
KN/BAU/2024/13/532,Karnataka,Bengaluru Urban,Acute Diarrheal Disease,5,0,28-03-2024,28-03-2024,Under Control
KN/CKM/2024/13/533,Karnataka,Chikkamagaluru,Acute Diarrheal Disease,65,0,28-03-2024,28-03-2024,Under Surveillance
KN/HAV/2024/13/534,Karnataka,Haveri,Acute Diarrheal Disease,24,0,30-03-2024,30-03-2024,Under Control
KL/MLP/2024/13/535,Kerala,Malappuram,Hepatitis A,254,0,26-03-2024,25-03-2024,Under Surveillance
KL/PLK/2024/13/536,Kerala,Palakkad,Acute Diarrheal Disease,29,0,26-03-2024,27-03-2024,Under Control
MP/NSP/2024/13/537,Madhya Pradesh,Narsinghpur,Chickenpox,5,0,30-03-2024,30-03-2024,Under Surveillance
MP/UMR/2024/13/538,Madhya Pradesh,Umaria,Chickenpox,5,0,27-03-2024,28-03-2024,Under Control
MH/AKL/2024/13/539,Maharashtra,Akola,Hepatitis A,96,0,30-03-2024,30-03-2024,Under Control
OD/AGL/2024/13/540,Odisha,Anugul,Acute Diarrheal Disease,20,0,30-03-2024,31-03-2024,Under Control
OD/BAG/2024/13/541,Odisha,Balangir,Acute Gastroenteritis,15,0,27-03-2024,27-03-2024,Under Control
OD/KPT/2024/13/542,Odisha,Koraput,Fever with Rash,8,0,27-03-2024,28-03-2024,Under Control
PC/PON/2024/13/543,Puducherry,Pondicherry,Cholera,28,0,27-03-2024,28-03-2024,Under Surveillance
TN/PUD/2024/13/544,Tamil Nadu,Pudukkottai,Mumps,17,0,25-03-2024,25-03-2024,Under Control
TN/TVR/2024/13/545,Tamil Nadu,Thiruvarur,Fever,10,0,25-03-2024,25-03-2024,Under Control
AP/GNT/2024/14/553,Andhra Pradesh,Palnadu,Fever,58,0,28-03-2024,03-04-2024,Under Surveillance
AS/SBS/2024/14/554,Assam,Charaideo,Mushroom Poisoning,5,2,04-04-2024,04-04-2024,Under Surveillance
AS/GLP/2024/14/555,Assam,Goalpara,Measles,11,0,02-04-2024,03-04-2024,Under Surveillance
BH/PTN/2024/14/556,Bihar,Patna,Fever with Rash,9,0,03-04-2024,03-04-2024,Under Surveillance
BH/SMP/2024/14/557,Bihar,Samastipur,Fever with Rash,12,0,06-04-2024,06-04-2024,Under Surveillance
BH/SMP/2024/14/558,Bihar,Samastipur,Fever with Rash,12,0,06-04-2024,06-04-2024,Under Surveillance
BH/SMP/2024/14/559,Bihar,Samastipur,Measles,5,0,01-04-2024,04-04-2024,Under Surveillance
CT/BLS/2024/14/560,Chhattisgarh,Bilaspur,Acute Diarrheal Disease,10,0,02-04-2024,03-04-2024,Under Control
CT/JAN/2024/14/561,Chhattisgarh,Janjgir-Champa,Acute Diarrheal Disease,37,0,06-04-2024,06-04-2024,Under Control
CT/RGN/2024/14/562,Chhattisgarh,Rajnandgaon,Acute Diarrheal Disease,14,0,30-03-2024,01-04-2024,Under Control
CT/RGR/2024/14/563,Chhattisgarh,Sarangarh Bilaigarh,Food Poisoning,72,0,03-04-2024,04-04-2024,Under Surveillance
GJ/NAV/2024/14/564,Gujarat,Navsari,Cholera,3,1,02-04-2024,02-04-2024,Under Control
HR/FBD/2024/14/565,Haryana,Fatehabad,Measles,6,0,03-04-2024,03-04-2024,Under Surveillance
JH/ESI/2024/14/566,Jharkhand,East Singhbum,Measles,8,0,26-03-2024,03-04-2024,Under Surveillance
JH/GRH/2024/14/567,Jharkhand,Garhwa,Measles,9,0,06-04-2024,06-04-2024,Under Surveillance
JH/JAT/2024/14/568,Jharkhand,Jamtara,Chickenpox,5,0,03-04-2024,03-04-2024,Under Surveillance
JH/JAT/2024/14/569,Jharkhand,Jamtara,Chickenpox,9,0,30-03-2024,01-04-2024,Under Surveillance
JH/KUT/2024/14/570,Jharkhand,Khunti,Mumps,23,0,01-04-2024,03-04-2024,Under Surveillance
KN/BAU/2024/14/571,Karnataka,Bengaluru Urban,Cholera,47,0,06-04-2024,06-04-2024,Under Surveillance
KN/CKM/2024/14/572,Karnataka,Chikkamagaluru,Food Poisoning,47,0,06-04-2024,06-04-2024,Under Surveillance
KN/CHI/2024/14/573,Karnataka,Chitradurga,Food Poisoning,43,0,05-04-2024,06-04-2024,Under Control
KL/ERN/2024/14/574,Kerala,Ernakulam,Hepatitis A,20,0,04-04-2024,05-04-2024,Under Surveillance
KL/IDK/2024/14/575,Kerala,Idukki,Dengue,23,0,30-03-2024,06-04-2024,Under Surveillance
KL/KAS/2024/14/576,Kerala,Kasaragod,Food Poisoning,171,0,04-04-2024,04-04-2024,Under Control
KL/KTM/2024/14/577,Kerala,Kottayam,Dengue,10,0,04-04-2024,05-04-2024,Under Surveillance
KL/KOZ/2024/14/578,Kerala,Kozhikode,Hepatitis A,38,1,04-03-2024,04-04-2024,Under Surveillance
KL/TRC/2024/14/579,Kerala,Thrissur,Dengue,19,0,01-04-2024,01-04-2024,Under Surveillance
MP/KAT/2024/14/580,Madhya Pradesh,Katni,Scrub Typhus,2,1,05-04-2024,05-04-2024,Under Surveillance
MP/SVP/2024/14/581,Madhya Pradesh,Shivpuri,Measles,47,0,02-04-2024,02-04-2024,Under Surveillance
MH/RGD/2024/14/582,Maharashtra,Raigad,Dengue,5,1,03-04-2024,05-04-2024,Under Surveillance
MG/RIB/2024/14/583,Meghalaya,Ri Bhoi,Acute Gastroenteritis,15,0,02-04-2024,02-04-2024,Under Surveillance
OR/CUT/2024/14/584,Odisha,Cuttack,Hepatitis A,101,0,06-04-2024,07-04-2024,Under Surveillance
OR/KPT/2024/14/585,Odisha,Koraput,Fever with Rash,11,0,04-04-2024,05-04-2024,Under Surveillance
OR/RAY/2024/14/586,Odisha,Rayagada,Food Poisoning,19,0,04-04-2024,05-04-2024,Under Control
OR/SUN/2024/14/587,Odisha,Sundargarh,Acute Gastroenteritis,73,0,04-04-2024,04-04-2024,Under Control
PB/LDH/2024/14/588,Punjab,Ludhiana,Mumps,6,0,02-04-2024,03-04-2024,Under Surveillance
RJ/SKR/2024/14/589,Rajasthan,Sikar,Mumps,76,0,01-04-2024,01-04-2024,Under Surveillance
TN/DDG/2024/14/590,Tamil Nadu,Dindigul,Acute Diarrheal Disease,57,0,02-04-2024,02-04-2024,Under Control
TN/SLM/2024/14/591,Tamil Nadu,Salem,Acute Diarrheal Disease,106,0,03-04-2024,03-04-2024,Under Control
TN/SIV/2024/14/592,Tamil Nadu,Sivaganga,Chickenpox,40,0,04-04-2024,05-04-2024,Under Surveillance
TL/NRL/2024/14/593,Telangana,Nirmal,Acute Diarrheal Disease,50,0,04-04-2024,04-04-2024,Under Control
UP/UNN/2024/14/594,Uttar Pradesh,Unnao,Food Poisoning,61,0,06-04-2024,06-04-2024,Under Surveillance
WB/SPG/2024/14/595,West Bengal,24 Paraganas South,Acute Diarrheal Disease,19,0,03-04-2024,04-04-2024,Under Surveillance
WB/NDA/2024/14/596,West Bengal,Nadia,Acute Diarrheal Disease,10,0,02-04-2024,03-04-2024,Under Control
AP/ANT/2024/15/599,Andhra Pradesh,Sri Sathya Sai,Acute Diarrheal Disease,230,0,13-04-2024,13-04-2024,Under Control
AR/LGG/2024/15/600,Arunachal Pradesh,Longding,Cholera,47,1,08-04-2024,10-04-2024,Under Surveillance
AS/DBG/2024/15/601,Assam,Dibrugarh,Food Poisoning,2,1,09-04-2024,10-04-2024,Under Control
AS/GLP/2024/15/602,Assam,Goalpara,Acute Diarrheal Disease,20,0,09-04-2024,10-04-2024,Under Control
AS/KAD/2024/15/603,Assam,Karbi Anglong,Food Poisoning,10,6,05-04-2024,10-04-2024,Under Control
AS/MAR/2024/15/604,Assam,Marigaon,Chickenpox,8,0,09-04-2024,10-04-2024,Under Control
AS/NGO/2024/15/605,Assam,Nagaon,Fever with Rash,10,0,10-04-2024,11-04-2024,Under Control
AS/TIN/2024/15/606,Assam,Tinsukia,Food Poisoning,7,0,11-04-2024,12-04-2024,Under Control
AS/TIN/2024/15/607,Assam,Tinsukia,Diphtheria,1,1,09-04-2024,10-04-2024,Under Control
BH/BGS/2024/15/608,Bihar,Begusarai,Fever with Rash,20,0,06-04-2024,08-04-2024,Under Control
BH/JAH/2024/15/609,Bihar,Jehanabad,Chickenpox,5,0,10-04-2024,10-04-2024,Under Control
BH/JAH/2024/15/610,Bihar,Jehanabad,Measles,4,0,08-04-2024,08-04-2024,Under Surveillance
BH/KIS/2024/15/611,Bihar,Kishanganj,Fever with Rash,9,0,08-04-2024,13-04-2024,Under Control
BH/MDH/2024/15/612,Bihar,Madhepura,Fever with Rash,18,0,08-04-2024,09-04-2024,Under Control
CT/BBR/2024/15/613,Chhattisgarh,Baloda Bazar,Acute Diarrheal Disease,16,0,12-04-2024,12-04-2024,Under Control
GJ/AHM/2024/15/614,Gujarat,Ahmedabad,Food Poisoning,6,1,08-04-2024,08-04-2024,Under Control
GJ/AND/2024/15/615,Gujarat,Anand,Acute Diarrheal Disease,48,0,13-04-2024,13-04-2024,Under Control
JH/CHA/2024/15/616,Jharkhand,Chatra,Fever with Rash,10,0,08-04-2024,10-04-2024,Under Surveillance
JH/GIR/2024/15/617,Jharkhand,Giridih,Acute Diarrheal Disease,16,0,12-04-2024,13-04-2024,Under Control
JH/SAK/2024/15/618,Jharkhand,Saraikela Kharsawan,Chickenpox,15,0,09-04-2024,09-04-2024,Under Surveillance
KN/BEL/2024/15/619,Karnataka,Ballari,Measles,34,0,06-04-2024,08-04-2024,Under Control
KN/CMN/2024/15/620,Karnataka,Chamarajanagar,Food Poisoning,82,0,10-04-2024,12-04-2024,Under Control
KN/CHI/2024/15/621,Karnataka,Chitradurga,Food Poisoning,14,0,09-04-2024,10-04-2024,Under Control
KN/DKK/2024/15/622,Karnataka,Dakshin Kannad,Acute Diarrheal Disease,144,0,11-04-2024,12-04-2024,Under Control
KN/TUM/2024/15/623,Karnataka,Tumakuru,Acute Diarrheal Disease,78,0,10-04-2024,11-04-2024,Under Control
KN/VIJ/2024/15/624,Karnataka,Vijayanagar,Acute Diarrheal Disease,63,0,10-04-2024,10-04-2024,Under Control
KL/IDK/2024/15/625,Kerala,Idukki,Food Poisoning,6,0,12-04-2024,12-04-2024,Under Control
KL/CNR/2024/15/626,Kerala,Kannur,Hepatitis A,15,0,11-04-2024,12-04-2024,Under Surveillance
KL/KOZ/2024/15/627,Kerala,Kozhikode,Jaundice,37,0,09-04-2024,09-04-2024,Under Surveillance
KL/PLK/2024/15/628,Kerala,Palakkad,Food Poisoning,15,0,12-04-2024,12-04-2024,Under Control
KL/PTH/2024/15/629,Kerala,Pathanamthitta,Food Poisoning,12,0,08-04-2024,09-04-2024,Under Control
AR/LGG/2024/16/658,Arunachal Pradesh,Longding,Measles,9,0,11-04-2024,16-04-2024,Under Surveillance
AS/SNT/2024/16/659,Assam,Biswanath,Food Poisoning,51,0,16-04-2024,16-04-2024,Under Surveillance
AS/JRT/2024/16/660,Assam,Jorhat,Acute Diarrheal Disease,12,0,17-04-2024,17-04-2024,Under Surveillance
AS/JRT/2024/16/661,Assam,Jorhat,Acute Diarrheal Disease,11,0,17-04-2024,17-04-2024,Under Surveillance
AS/KOK/2024/16/662,Assam,Kokrajhar,Human Rabies,1,1,15-04-2024,15-04-2024,Under Surveillance
AS/UAL/2024/16/663,Assam,Udalguri,Human Rabies,1,1,16-04-2024,17-04-2024,Under Surveillance
BH/BGS/2024/16/664,Bihar,Begusarai,Fever with Rash,13,0,16-01-2024,18-04-2024,Under Surveillance
BH/SMP/2024/16/665,Bihar,Samastipur,Fever with Rash,27,0,11-04-2024,18-04-2024,Under Surveillance
CT/BBR/2024/16/666,Chhattisgarh,Baloda Bazar,Food Poisoning,16,0,16-04-2024,17-04-2024,Under Control
CT/BLS/2024/16/667,Chhattisgarh,Bilaspur,Food Poisoning,19,0,18-04-2024,19-04-2024,Under Control
CT/KAW/2024/16/668,Chhattisgarh,Kabirdham,Food Poisoning,16,0,19-04-2024,19-04-2024,Under Control
CT/SUA/2024/16/669,Chhattisgarh,Sukma,Measles,5,0,16-04-2024,16-04-2024,Under Surveillance
GJ/GSN/2024/16/670,Gujarat,Gir Somnath,Food Poisoning,81,0,19-04-2024,19-04-2024,Under Control
GJ/JGH/2024/16/671,Gujarat,Junagadh,Acute Diarrheal Disease,19,0,19-04-2024,19-04-2024,Under Control
GJ/NAV/2024/16/672,Gujarat,Navsari,Acute Diarrheal Disease,64,0,20-04-2024,20-04-2024,Under Control
GJ/PAT/2024/16/673,Gujarat,Patan,Typhoid,5,0,19-04-2024,19-04-2024,Under Surveillance
HR/PCH/2024/16/674,Haryana,Panchkula,Acute Diarrheal Disease,141,0,16-04-2024,16-04-2024,Under Control
JK/PWM/2024/16/675,Jammu and Kashmir,Pulwama,Hepatitis A,27,0,18-04-2024,18-04-2024,Under Surveillance
KN/HAS/2024/16/676,Karnataka,Hassan,Acute Diarrheal Disease,33,0,19-04-2024,20-04-2024,Under Surveillance
KN/KOD/2024/16/677,Karnataka,Kodagu,Food Poisoning,46,0,17-04-2024,18-04-2024,Under Control
KN/TUM/2024/16/678,Karnataka,Tumakuru,Food Poisoning,27,0,19-04-2024,19-04-2024,Under Surveillance
KN/TUM/2024/16/679,Karnataka,Tumakuru,Food Poisoning,67,0,18-04-2024,18-04-2024,Under Surveillance
KN/VIJ/2024/16/680,Karnataka,Vijayanagar,Cholera,16,0,15-04-2024,15-04-2024,Under Surveillance
KL/ERN/2024/16/681,Kerala,Ernakulam,Hepatitis A,132,0,18-04-2024,19-04-2024,Under Surveillance
KL/ERN/2024/16/682,Kerala,Ernakulam,Hepatitis A,15,1,09-04-2024,17-04-2024,Under Surveillance
KL/CNR/2024/16/683,Kerala,Kannur,Hepatitis A,12,0,18-04-2024,19-04-2024,Under Surveillance
AS/BPT/2024/17/715,Assam,Bajali,Fever with Rash,3,0,26-04-2024,26-04-2024,Under Control
AS/SBS/2024/17/716,Assam,Charaideo,Food Poisoning,5,0,26-04-2024,28-04-2024,Under Control
AS/DBG/2024/17/717,Assam,Dibrugarh,Mumps,7,0,23-04-2024,23-04-2024,Under Control
AS/KAD/2024/17/718,Assam,Karbi Anglong,Food Poisoning,5,0,23-04-2024,23-04-2024,Under Control
AS/KRG/2024/17/719,Assam,Karimganj,Malaria,5,0,22-04-2024,23-04-2024,Under Control
AS/SNT/2024/17/720,Assam,Sonitpur,Fever,14,0,22-04-2024,22-04-2024,Under Control
BH/GPG/2024/17/721,Bihar,Gopalganj,Chickenpox,5,0,23-04-2024,25-04-2024,Under Control
BH/JAM/2024/17/722,Bihar,Jamui,Fever with Rash,8,0,22-04-2024,22-04-2024,Under Surveillance
BH/MBN/2024/17/723,Bihar,Madhubani,Fever with Rash,11,0,22-04-2024,24-04-2024,Under Control
BH/PAC/2024/17/724,Bihar,Purbi Champaran,Fever with Rash,8,0,22-04-2024,25-04-2024,Under Control
GJ/AHM/2024/17/725,Gujarat,Ahmedabad,Cholera,33,0,26-04-2024,26-04-2024,Under Control
GJ/AHM/2024/17/726,Gujarat,Ahmedabad,Food Poisoning,67,0,21-04-2024,22-04-2024,Under Control
GJ/NAV/2024/17/727,Gujarat,Navsari,Food Poisoning,37,0,23-04-2024,24-04-2024,Under Control
GJ/PAN/2024/17/728,Gujarat,Panchmahals,Measles & Rubella,12,0,23-04-2024,23-04-2024,Under Surveillance
GJ/RJK/2024/17/729,Gujarat,Rajkot,Measles,8,0,22-04-2024,22-04-2024,Under Control
GJ/SBK/2024/17/730,Gujarat,Sabar Kantha,Measles,5,0,23-04-2024,24-04-2024,Under Control
GJ/SRD/2024/17/731,Gujarat,Surendranagar,Food Poisoning,17,0,26-04-2024,26-04-2024,Under Control
HR/KMN/2024/17/732,Haryana,Karnal,Scrub Typhus,5,0,20-04-2024,22-04-2024,Under Control
JK/BML/2024/17/733,Jammu and Kashmir,Baramulla,Hepatitis A,18,0,24-04-2024,24-04-2024,Under Control
JH/DEO/2024/17/734,Jharkhand,Deoghar,Measles,8,0,19-04-2024,26-04-2024,Under Surveillance
JH/DMK/2024/17/735,Jharkhand,Dumka,Chickenpox,5,0,22-04-2024,23-04-2024,Under Control
JH/DMK/2024/17/736,Jharkhand,Dumka,Chickenpox,5,0,21-04-2024,22-04-2024,Under Control
JH/ESI/2024/17/737,Jharkhand,East Singhbum,Chickenpox,7,0,22-04-2024,23-04-2024,Under Control
JH/JAT/2024/17/738,Jharkhand,Jamtara,Acute Diarrheal Disease,23,0,25-04-2024,26-04-2024,Under Surveillance
JH/SAK/2024/17/739,Jharkhand,Saraikela Kharsawan,Chickenpox,9,0,24-04-2024,25-04-2024,Under Surveillance
KN/CHI/2024/17/740,Karnataka,Chitradurga,Food Poisoning,15,0,22-04-2024,24-04-2024,Under Control
KN/KOD/2024/17/741,Karnataka,Kodagu,Cholera,5,0,20-04-2024,22-04-2024,Under Control
KN/MYS/2024/17/742,Karnataka,Mysuru,Acute Gastroenteritis,79,0,25-04-2024,26-04-2024,Under Control
KN/RCR/2024/17/743,Karnataka,Raichur,Food Poisoning,7,2,27-04-2024,28-04-2024,Under Control
AP/KUR/2024/18/795,Andhra Pradesh,Nandyal,Acute Diarrheal Disease,15,0,29-04-2024,03-05-2024,Under Control
AS/CCR/2024/18/796,Assam,Cachar,Acute Encephalitic Syndrome,1,1,03-05-2024,03-05-2024,Under Control
AS/SBS/2024/18/797,Assam,Charaideo,Human Rabies,1,1,30-04-2024,01-05-2024,Under Surveillance
AS/DBG/2024/18/798,Assam,Dibrugarh,Acute Diarrheal Disease,28,0,01-05-2024,02-05-2024,Under Control
AS/DBG/2024/18/799,Assam,Dibrugarh,Cholera,92,2,29-04-2024,29-04-2024,Under Control
AS/GLG/2024/18/800,Assam,Golaghat,Food Poisoning,10,0,05-05-2024,05-05-2024,Under Control
AS/GLG/2024/18/801,Assam,Golaghat,Food Poisoning,12,0,02-05-2024,02-05-2024,Under Control
AS/LKM/2024/18/802,Assam,Lakhimpur,Dengue,10,0,04-05-2024,04-05-2024,Under Control
AS/LKM/2024/18/803,Assam,Lakhimpur,Acute Hepatitis-A,8,0,29-04-2024,29-04-2024,Under Control
AS/MAR/2024/18/804,Assam,Marigaon,Acute Diarrheal Disease,6,0,03-05-2024,04-05-2024,Under Control
AS/NGO/2024/18/805,Assam,Nagaon,Food Poisoning,47,0,04-05-2024,04-05-2024,Under Control
BH/JAH/2024/18/806,Bihar,Jehanabad,Measles,6,0,23-04-2024,30-04-2024,Under Surveillance
BH/PTN/2024/18/807,Bihar,Patna,Fever with Rash,13,0,29-04-2024,30-04-2024,Under Control
CT/BLS/2024/18/808,Chhattisgarh,Bilaspur,Acute Diarrheal Disease,41,0,01-05-2024,01-05-2024,Under Control
CT/MHN/2024/18/809,Chhattisgarh,Mahasamund,Chickenpox,8,0,02-05-2024,02-05-2024,Under Control
CT/RPR/2024/18/810,Chhattisgarh,Raipur,Acute Diarrheal Disease,8,0,01-04-2024,01-05-2024,Under Control
GJ/BTA/2024/18/811,Gujarat,Botad,Chikungunya,5,0,02-05-2024,03-05-2024,Under Control
GJ/DBD/2024/18/812,Gujarat,Devbhumi Dwarka,Measles,7,0,29-04-2024,29-04-2024,Under Surveillance
GJ/KHD/2024/18/813,Gujarat,Kheda,Acute Diarrheal Disease,41,0,29-04-2024,30-04-2024,Under Control
GJ/RJK/2024/18/814,Gujarat,Rajkot,Food Poisoning,111,0,30-04-2024,30-04-2024,Under Control
JH/ESI/2024/18/815,Jharkhand,East Singhbum,Chickenpox,9,0,03-05-2024,04-05-2024,Under Control
JH/GDA/2024/18/816,Jharkhand,Godda,Chickenpox,23,0,25-04-2024,02-05-2024,Under Control
JH/SAK/2024/18/817,Jharkhand,Saraikela Kharsawan,Food Poisoning,87,0,02-05-2024,02-05-2024,Under Surveillance
KN/HAS/2024/18/818,Karnataka,Hassan,Acute Diarrheal Disease,31,2,02-05-2024,03-05-2024,Under Control
KN/RNA/2024/18/819,Karnataka,Ramanagara,Cholera,6,0,01-05-2024,04-05-2024,Under Control
AP/ANT/2024/19/864,Andhra Pradesh,Anantapur,Acute Diarrheal Disease,23,0,06-05-2024,10-05-2024,Under Surveillance
AP/CTR/2024/19/865,Andhra Pradesh,Tirupati,Acute Diarrheal Disease,25,0,05-05-2024,10-05-2024,Under Surveillance
AS/DBG/2024/19/866,Assam,Dibrugarh,Hepatitis A,15,0,07-05-2024,07-05-2024,Under Surveillance
AS/GLG/2024/19/867,Assam,Golaghat,Food Poisoning,76,0,10-05-2024,10-05-2024,Under Surveillance
AS/NGO/2024/19/868,Assam,Hojai,Acute Diarrheal Disease,4,1,06-05-2024,07-05-2024,Under Surveillance
BH/ARN/2024/19/869,Bihar,Aurangabad,Fever of Unknown Origin,10,0,03-05-2024,06-05-2024,Under Surveillance
BH/SRN/2024/19/870,Bihar,Saran,Measles,9,0,04-05-2024,07-05-2024,Under Surveillance
CT/BBR/2024/19/871,Chhattisgarh,Baloda Bazar,Acute Diarrheal Disease,26,0,06-05-2024,06-05-2024,Under Control
CT/KAW/2024/19/872,Chhattisgarh,Kabirdham,Acute Diarrheal Disease,67,0,10-05-2024,10-05-2024,Under Surveillance
CT/MHN/2024/19/873,Chhattisgarh,Mahasamund,Cholera,62,0,08-05-2024,09-05-2024,Under Surveillance
CT/RGN/2024/19/874,Chhattisgarh,Rajnandgaon,Measles,22,0,30-04-2024,10-05-2024,Under Surveillance
CT/JAN/2024/19/875,Chhattisgarh,Sakti,Food Poisoning,107,0,01-05-2024,06-05-2024,Under Control
CT/SGJ/2024/19/876,Chhattisgarh,Surajpur,Acute Diarrheal Disease,14,0,05-05-2024,08-05-2024,Under Control
GJ/JGH/2024/19/877,Gujarat,Junagadh,Food Poisoning,127,0,11-05-2024,12-05-2024,Under Control
GJ/SRD/2024/19/878,Gujarat,Surendranagar,Food Poisoning,38,0,12-05-2024,12-05-2024,Under Control
HP/MAN/2024/19/879,Himachal Pradesh,Mandi,Acute Diarrheal Disease,45,0,08-05-2024,08-05-2024,Under Surveillance
JK/BML/2024/19/880,Jammu and Kashmir,Baramulla,Mumps,13,0,10-05-2024,10-05-2024,Under Surveillance
JK/GBL/2024/19/881,Jammu and Kashmir,Ganderbal,Hepatitis A,25,0,08-05-2024,09-05-2024,Under Surveillance
JK/KWR/2024/19/882,Jammu and Kashmir,Kupwara,Human Rabies,1,1,01-05-2024,11-05-2024,Under Surveillance
JH/DMK/2024/19/883,Jharkhand,Dumka,Chickenpox,36,0,04-05-2024,06-05-2024,Under Surveillance
JH/ESI/2024/19/884,Jharkhand,East Singhbum,Chickenpox,7,0,08-05-2024,09-05-2024,Under Surveillance
KN/RNA/2024/19/885,Karnataka,Ramanagara,Food Poisoning,111,0,10-05-2024,11-05-2024,Under Surveillance
KN/RNA/2024/19/886,Karnataka,Ramanagara,Food Poisoning,135,0,06-05-2024,06-05-2024,Under Surveillance
KL/KOA/2024/19/887,Kerala,Kollam,Food Poisoning,15,0,09-05-2024,09-05-2024,Under Surveillance
KL/THI/2024/19/888,Kerala,Thiruvananthapuram,Food Poisoning,130,0,08-05-2024,08-05-2024,Under Surveillance
KL/TRC/2024/19/889,Kerala,Thrissur,West Nile Fever,2,1,03-05-2024,08-05-2024,Under Surveillance
MP/DWS/2024/19/890,Madhya Pradesh,Dewas,Dengue,27,0,03-05-2024,07-05-2024,Under Surveillance
MH/AMN/2024/19/891,Maharashtra,Ahmednagar,Chikungunya,11,0,09-05-2024,09-05-2024,Under Surveillance
MN/IMP/2024/19/892,Manipur,Imphal West,Human Rabies,1,1,06-05-2024,08-05-2024,Under Surveillance
PB/GPR/2024/19/893,Punjab,Gurdaspur,Chickenpox,54,0,08-05-2024,09-05-2024,Under Surveillance
PB/PTH/2024/19/894,Punjab,Pathankot,Mumps,6,0,04-05-2024,06-05-2024,Under Surveillance
TN/CUD/2024/19/895,Tamil Nadu,Cuddalore,Food Poisoning,49,1,06-05-2024,07-05-2024,Under Surveillance
TN/KNK/2024/19/896,Tamil Nadu,Kanniyakumari,Acute Diarrheal Disease,21,0,06-05-2024,07-05-2024,Under Control
UP/GHA/2024/19/897,Uttar Pradesh,Ghaziabad,Acute Diarrheal Disease,876,0,01-05-2024,06-05-2024,Under Surveillance
UP/JLA/2024/19/898,Uttar Pradesh,Jalaun,Fever with Rash,11,0,04-05-2024,09-05-2024,Under Surveillance
WB/BWN/2024/19/899,West Bengal,Purba Bardhaman,Acute Diarrheal Disease,17,0,08-05-2024,09-05-2024,Under Surveillance
WB/PRL/2024/19/901,West Bengal,Purulia,Acute Diarrheal Disease,17,0,07-05-2024,07-05-2024,Under Control
AR/PPM/2024/20/908,Arunachal Pradesh,Papum Pare,Measles,5,0,13-05-2024,13-05-2024,Under Surveillance
AR/TWN/2024/20/909,Arunachal Pradesh,Tawang,Measles,4,0,18-05-2024,18-05-2024,Under Control
AS/BPT/2024/20/910,Assam,Bajali,Fever,15,0,18-05-2024,18-05-2024,Under Control
AS/SNT/2024/20/911,Assam,Biswanath,Chickenpox,10,0,15-05-2024,15-05-2024,Under Control
AS/BON/2024/20/912,Assam,Bongaigaon,Animal Bite - Dog Bite,1,1,17-05-2024,17-05-2024,Under Control
AS/SBS/2024/20/913,Assam,Charaideo,Human Rabies,1,1,16-05-2024,16-05-2024,Under Surveillance
AS/SBS/2024/20/914,Assam,Charaideo,Mushroom Poisoning,14,0,14-05-2024,14-05-2024,Under Surveillance
AS/DHE/2024/20/915,Assam,Dhemaji,Acute Diarrheal Disease,15,0,12-05-2024,13-05-2024,Under Control
AS/DHU/2024/20/916,Assam,Dhubri,Chickenpox,21,0,17-05-2024,17-05-2024,Under Surveillance
AS/DBG/2024/20/917,Assam,Dibrugarh,Hepatitis A,9,0,13-05-2024,14-05-2024,Under Surveillance
AS/JRT/2024/20/918,Assam,Jorhat,Dengue,1,1,18-05-2024,18-05-2024,Under Control
AS/JRT/2024/20/919,Assam,Jorhat,Japanese Encephalitis,1,1,15-05-2024,15-05-2024,Under Control
AS/KOK/2024/20/920,Assam,Kokrajhar,Acute Encephalitic Syndrome,1,1,15-05-2024,16-05-2024,Under Surveillance
AS/MAR/2024/20/921,Assam,Marigaon,Chickenpox,5,0,16-05-2024,17-05-2024,Under Surveillance
AS/SNT/2024/20/922,Assam,Sonitpur,Acute Diarrheal Disease,14,0,17-05-2024,18-05-2024,Under Control
AS/DHU/2024/20/923,Assam,South Salmara Mancachar,Malaria,7,1,17-05-2024,17-05-2024,Under Surveillance
BH/KTH/2024/20/924,Bihar,Katihar,Chickenpox,13,0,11-05-2024,14-05-2024,Under Surveillance
CT/BBR/2024/20/925,Chhattisgarh,Baloda Bazar,Acute Diarrheal Disease,31,0,13-05-2024,14-05-2024,Under Control
CT/DUR/2024/20/926,Chhattisgarh,Durg,Acute Diarrheal Disease,56,0,15-05-2024,15-05-2024,Under Control
CT/KAW/2024/20/927,Chhattisgarh,Kabirdham,Acute Diarrheal Disease,80,0,15-05-2024,15-05-2024,Under Surveillance
CT/RGN/2024/20/928,Chhattisgarh,Rajnandgaon,Hepatitis E,11,0,11-05-2024,14-05-2024,Under Control
CT/RGN/2024/20/929,Chhattisgarh,Rajnandgaon,Food Poisoning,14,0,16-05-2024,16-05-2024,Under Control
GJ/ARL/2024/20/930,Gujarat,Amreli,Typhoid,4,0,15-05-2024,16-05-2024,Under Control
GJ/GAN/2024/20/931,Gujarat,Gandhinagar,Hepatitis A,29,0,17-05-2024,17-05-2024,Under Surveillance
GJ/GSN/2024/20/932,Gujarat,Gir Somnath,Food Poisoning,26,0,12-05-2024,13-05-2024,Under Surveillance
GJ/KHD/2024/20/933,Gujarat,Kheda,Acute Diarrheal Disease,58,0,12-05-2024,13-05-2024,Under Control
GJ/MRB/2024/20/934,Gujarat,Morbi,Chikungunya,7,0,13-05-2024,18-05-2024,Under Control
HR/FTB/2024/20/935,Haryana,Fatehabad,Chickenpox,37,0,18-05-2024,17-05-2024,Under Surveillance
HP/KNG/2024/20/936,Himachal Pradesh,Kangra,Hepatitis A,59,0,14-05-2024,15-05-2024,Under Control
JK/RJR/2024/20/937,Jammu and Kashmir,Rajauri,Acute Diarrheal Disease,51,0,17-05-2024,18-05-2024,Under Control
JH/CHA/2024/20/938,Jharkhand,Chatra,Acute Diarrheal Disease,16,0,17-05-2024,18-05-2024,Under Surveillance
JH/ESI/2024/20/939,Jharkhand,East Singhbum,Malaria,38,0,14-05-2024,14-05-2024,Under Surveillance
JH/HAZ/2024/20/940,Jharkhand,Hazaribagh,Fever with Rash,6,0,14-05-2024,14-05-2024,Under Control
AP/CTR/2024/21/977,Andhra Pradesh,Chittoor,Acute Diarrheal Disease,14,0,21-05-2024,24-05-2024,Under Surveillance
AP/NLR/2024/21/978,Andhra Pradesh,SPSR Nellore,Acute Diarrheal Disease,20,0,22-05-2024,22-05-2024,Under Control
AR/PPM/2024/21/979,Arunachal Pradesh,Papum Pare,Measles,5,0,22-05-2024,22-05-2024,Under Surveillance
AS/DBG/2024/21/980,Assam,Dibrugarh,Cholera,12,0,25-05-2024,25-05-2024,Under Surveillance
AS/KOK/2024/21/981,Assam,Kokrajhar,Chickenpox,6,0,20-05-2024,20-05-2024,Under Surveillance
AS/TIN/2024/21/982,Assam,Tinsukia,Food Poisoning,14,0,18-05-2024,20-05-2024,Under Surveillance
AS/TIN/2024/21/983,Assam,Tinsukia,Fever with Rash,13,0,17-05-2024,20-05-2024,Under Surveillance
BH/PAC/2024/21/984,Bihar,Purbi Champaran,Fever with Rash,6,0,23-05-2024,24-05-2024,Under Surveillance
CT/BBR/2024/21/985,Chhattisgarh,Baloda Bazar,Acute Diarrheal Disease,42,0,21-05-2024,21-05-2024,Under Control
CT/BLS/2024/21/986,Chhattisgarh,Bilaspur,Acute Diarrheal Disease,30,0,22-05-2024,22-05-2024,Under Control
GJ/AND/2024/21/987,Gujarat,Anand,Acute Diarrheal Disease,75,0,19-05-2024,20-05-2024,Under Control
GJ/KUC/2024/21/988,Gujarat,Kachchh,Cholera,6,0,19-05-2024,24-05-2024,Under Surveillance
GJ/KHD/2024/21/989,Gujarat,Kheda,Acute Diarrheal Disease,115,0,25-05-2024,26-05-2024,Under Control
GJ/RJK/2024/21/990,Gujarat,Rajkot,Food Poisoning,22,0,19-05-2024,20-05-2024,Under Surveillance
HR/PCH/2024/21/991,Haryana,Panchkula,Cholera,459,1,24-05-2024,24-05-2024,Under Surveillance
JK/DOD/2024/21/992,Jammu and Kashmir,Doda,Chickenpox,10,0,22-05-2024,22-05-2024,Under Surveillance
JK/SNR/2024/21/993,Jammu and Kashmir,Srinagar,Chickenpox,23,0,20-05-2024,20-05-2024,Under Surveillance
JH/GRH/2024/21/994,Jharkhand,Garhwa,Fever with Rash,11,0,25-05-2024,25-05-2024,Under Surveillance
JH/HAZ/2024/21/995,Jharkhand,Hazaribagh,Mumps,5,0,18-05-2024,22-05-2024,Under Surveillance
JH/KUT/2024/21/996,Jharkhand,Khunti,Chickenpox,20,0,22-05-2024,22-05-2024,Under Surveillance
KN/BGK/2024/21/997,Karnataka,Bagalkot,Acute Diarrheal Disease,18,0,23-05-2024,24-05-2024,Under Surveillance
KN/BEG/2024/21/998,Karnataka,Belagavi,Cholera,310,0,21-05-2024,21-05-2024,Under Surveillance
KN/BGR/2024/21/999,Karnataka,Bengaluru Rural,Food Poisoning,98,0,20-05-2024,21-05-2024,Under Control
KN/BDR/2024/21/1000,Karnataka,Bidar,Food Poisoning,13,0,22-05-2024,22-05-2024,Under Surveillance
KN/HAV/2024/21/1001,Karnataka,Haveri,Food Poisoning,104,0,22-05-2024,22-05-2024,Under Control
KN/MNY/2024/21/1002,Karnataka,Mandya,Acute Diarrheal Disease,20,0,21-05-2024,22-05-2024,Under Control
KN/MYS/2024/21/1003,Karnataka,Mysuru,Cholera,150,1,21-05-2024,21-05-2024,Under Control
KL/IDK/2024/21/1004,Kerala,Idukki,Dengue,23,0,21-05-2024,22-05-2024,Under Surveillance
KL/CNR/2024/21/1005,Kerala,Kannur,Hepatitis A,12,0,23-05-2024,25-05-2024,Under Surveillance
KL/KAS/2024/21/1006,Kerala,Kasaragod,Hepatitis A,19,0,18-05-2024,22-05-2024,Under Surveillance
KL/WYN/2024/21/1007,Kerala,Wayanad,Hepatitis A,45,0,20-05-2024,21-05-2024,Under Surveillance
MP/BTU/2024/21/1008,Madhya Pradesh,Betul,Acute Diarrheal Disease,21,1,21-05-2024,22-05-2024,Under Surveillance
MP/BPL/2024/21/1009,Madhya Pradesh,Bhopal,Leptospirosis,17,1,22-05-2024,22-05-2024,Under Surveillance
MP/IND/2024/21/1010,Madhya Pradesh,Indore,Dengue,76,0,24-05-2024,24-05-2024,Under Surveillance
MP/MNA/2024/21/1011,Madhya Pradesh,Morena,Measles,8,0,17-05-2024,21-05-2024,Under Surveillance
MP/TIK/2024/21/1012,Madhya Pradesh,Tikamgarh,Acute Diarrheal Disease,40,0,21-05-2024,22-05-2024,Under Surveillance
MH/AKL/2024/21/1013,Maharashtra,Akola,Cholera,65,0,26-04-2024,26-05-2024,Under Surveillance
MH/JGA/2024/21/1014,Maharashtra,Jalgaon,Cholera,89,0,21-05-2024,24-05-2024,Under Surveillance
MH/NAG/2024/21/1015,Maharashtra,Nagpur,Dengue,16,1,22-05-2024,22-05-2024,Under Control
MH/SIN/2024/21/1016,Maharashtra,Sindhudurg,Acute Diarrheal Disease,23,0,19-05-2024,20-05-2024,Under Surveillance
MH/YVT/2024/21/1017,Maharashtra,Yavatmal,Food Poisoning,18,0,22-05-2024,23-05-2024,Under Control
AP/KUR/2024/22/1041,Andhra Pradesh,Kurnool,Acute Diarrheal Disease,18,0,20-05-2024,30-05-2024,Under Surveillance
AP/KRS/2024/22/1042,Andhra Pradesh,NTR,Cholera,77,0,27-05-2024,30-05-2024,Under Surveillance
AS/BON/2024/22/1043,Assam,Bongaigaon,Acute Diarrheal Disease,6,0,27-05-2024,27-05-2024,Under Control
AS/SBS/2024/22/1044,Assam,Charaideo,Food Poisoning (Mushroom Poisoning),1,1,27-05-2024,29-05-2024,Under Surveillance
AS/DAR/2024/22/1045,Assam,Darrang,Food Poisoning,136,1,28-05-2024,30-05-2024,Under Surveillance
AS/DHE/2024/22/1046,Assam,Dhemaji,Chickenpox,5,0,28-05-2024,31-05-2024,Under Surveillance
AS/KMR/2024/22/1048,Assam,Kamrup,Acute Diarrheal Disease,38,0,29-05-2024,02-06-2024,Under Surveillance
BH/BGS/2024/22/1051,Bihar,Begusarai,Fever with Rash,18,0,26-05-2024,28-05-2024,Under Surveillance
BH/MBN/2024/22/1052,Bihar,Madhubani,Measles & Rubella,11,0,28-05-2024,28-05-2024,Under Surveillance
CT/BBR/2024/22/1053,Chhattisgarh,Baloda Bazar,Measles,62,0,28-05-2024,29-05-2024,Under Control
CT/BBR/2024/22/1054,Chhattisgarh,Baloda Bazar,Acute Diarrheal Disease,36,0,28-05-2024,30-05-2024,Under Control
GJ/AND/2024/22/1056,Gujarat,Anand,Cholera,61,0,01-06-2024,02-06-2024,Under Control
GJ/BVN/2024/22/1057,Gujarat,Bhavnagar,Acute Diarrheal Disease,491,0,25-05-2024,27-05-2024,Under Control
GJ/GAN/2024/22/1058,Gujarat,Gandhinagar,Cholera,112,0,01-06-2024,02-06-2024,Under Surveillance
JK/BNP/2024/22/1060,Jammu and Kashmir,Bandipora,Hepatitis A,30,0,27-05-2024,27-05-2024,Under Control
JK/ESI/2024/22/1061,Jharkhand,East Singhbum,Chickenpox,8,0,01-06-2024,01-06-2024,Under Surveillance
KN/BEG/2024/22/1065,Karnataka,Belagavi,Food Poisoning,58,0,30-05-2024,30-05-2024,Under Surveillance
KN/CMN/2024/22/1067,Karnataka,Chamarajanagar,Cholera,45,0,24-05-2024,27-05-2024,Under Surveillance
KN/MYS/2024/22/1072,Karnataka,Mysuru,Cholera,133,0,28-05-2024,29-05-2024,Under Surveillance
KL/IDK/2024/22/1073,Kerala,Idukki,Dengue,11,1,27-05-2024,01-06-2024,Under Surveillance
KL/KOZ/2024/22/1074,Kerala,Kozhikode,Hepatitis A,62,0,29-05-2024,29-05-2024,Under Surveillance
KL/TRC/2024/22/1076,Kerala,Thrissur,Food Poisoning,143,1,26-05-2024,28-05-2024,Under Surveillance
MP/ARR/2024/22/1078,Madhya Pradesh,Alirajpur,Acute Encephalitic Syndrome,1,1,31-05-2024,31-05-2024,Under Surveillance
MP/BTU/2024/22/1079,Madhya Pradesh,Betul,Jaundice of < 4 weeks,10,0,27-05-2024,28-05-2024,Under Surveillance
MP/CTP/2024/22/1081,Madhya Pradesh,Chhatarpur,Scrub Typhus,1,1,31-05-2024,01-06-2024,Under Surveillance
MP/CDW/2024/22/1082,Madhya Pradesh,Chhindwara,Leptospirosis,10,1,29-05-2024,31-05-2024,Under Surveillance
MH/NAN/2024/22/1088,Maharashtra,Nanded,Dengue,12,0,28-05-2024,29-05-2024,Under Surveillance
MH/PNE/2024/22/1090,Maharashtra,Pune,Cholera,5,0,20-05-2024,28-05-2024,Under Surveillance
OR/GAJ/2024/22/1092,Odisha,Gajapati,Measles,16,0,01-06-2024,01-06-2024,Under Control
OR/KPT/2024/22/1093,Odisha,Koraput,Anthrax,5,0,28-05-2024,29-05-2024,Under Control
UP/SID/2024/22/1106,Uttar Pradesh,Siddharth Nagar,Measles,9,0,29-01-2024,30-05-2024,Under Surveillance
WB/HGL/2024/22/1108,West Bengal,Hooghly,Cholera,19,0,27-05-2024,27-05-2024,Under Control
WB/HWR/2024/22/1109,West Bengal,Howrah,Acute Diarrheal Disease,7,0,27-05-2024,31-05-2024,Under Surveillance
AN/NBR/2024/23/1113,Andaman & Nicobar Islands,Nicobars,Acute Diarrheal Disease,76,0,08-06-2024,08-06-2024,Under Control
AP/NLR/2024/23/1114,Andhra Pradesh,SPSR Nellore,Food Poisoning,23,0,05-06-2024,06-06-2024,Under Control
AS/SNT/2024/23/1115,Assam,Biswanath,Mushroom Poisoning,13,0,05-06-2024,06-06-2024,Under Surveillance
AS/DBG/2024/23/1116,Assam,Dibrugarh,Cholera,94,2,08-06-2024,09-06-2024,Under Surveillance
BH/PAC/2024/23/1117,Bihar,Pashchim Champaran,Fever with Rash,21,0,30-05-2024,05-06-2024,Under Surveillance
BH/PUC/2024/23/1118,Bihar,Purbi Champaran,Food Poisoning,12,0,02-06-2024,03-06-2024,Under Control
JK/KTU/2024/23/1119,Jammu and Kashmir,Kathua,Acute Diarrheal Disease,27,0,06-06-2024,08-06-2024,Under Surveillance
JK/SBA/2024/23/1120,Jammu and Kashmir,Samba,Mumps,10,0,31-05-2024,03-06-2024,Under Surveillance
JK/SNR/2024/23/1121,Jammu and Kashmir,Srinagar,Hepatitis A,16,0,04-06-2024,04-06-2024,Under Surveillance
JK/HAZ/2024/23/1122,Jharkhand,Hazaribagh,Food Poisoning,202,0,01-06-2024,03-06-2024,Under Control
JH/SIM/2024/23/1123,Jharkhand,Simdega,Rubella,15,0,04-06-2024,04-06-2024,Under Surveillance
JH/WSI/2024/23/1124,Jharkhand,West Singhbhum,Measles,40,0,07-06-2024,08-06-2024,Under Surveillance
KN/CKR/2024/23/1125,Karnataka,Chikballapur,Human Rabies,1,1,04-06-2024,04-06-2024,Under Control
KN/CHI/2024/23/1126,Karnataka,Chitradurga,Acute Diarrheal Disease,28,0,02-06-2024,03-06-2024,Under Control
KN/GDG/2024/23/1127,Karnataka,Gadag,Acute Diarrheal Disease,46,0,01-06-2024,06-06-2024,Under Surveillance
KN/MYS/2024/23/1128,Karnataka,Mysuru,Cholera,62,0,04-06-2024,04-06-2024,Under Control
KL/ERN/2024/23/1129,Kerala,Ernakulam,Acute Diarrheal Disease,10,0,01-06-2024,07-06-2024,Under Surveillance
KL/CNR/2024/23/1130,Kerala,Kannur,Hepatitis A,55,0,01-06-2024,07-06-2024,Under Surveillance
KL/KOA/2024/23/1131,Kerala,Kollam,Food Poisoning,69,0,03-06-2024,03-06-2024,Under Surveillance
KL/KTM/2024/23/1132,Kerala,Kottayam,Acute Diarrheal Disease,24,0,25-05-2024,05-06-2024,Under Control
KL/PLK/2024/23/1133,Kerala,Palakkad,Jaundice,24,0,03-06-2024,03-06-2024,Under Surveillance
MP/DTA/2024/23/1134,Madhya Pradesh,Datia,Acute Diarrheal Disease,16,0,04-06-2024,04-06-2024,Under Surveillance
MP/KHR/2024/23/1135,Madhya Pradesh,Khargone,Acute Diarrheal Disease,0,0,03-06-2024,03-06-2024,Under Surveillance
MP/SNA/2024/23/1136,Madhya Pradesh,Satna,Chicken Pox,11,0,05-06-2024,07-06-2024,Under Surveillance
MP/SHR/2024/23/1137,Madhya Pradesh,Sheopur,Measles,7,0,06-06-2024,07-06-2024,Under Surveillance
MP/SHL/2024/23/1138,Madhya Pradesh,Singrauli,Acute Diarrheal Disease,11,2,07-06-2024,07-06-2024,Under Surveillance
MH/GAD/2024/23/1139,Maharashtra,Gadchiroli,Malaria,8,1,06-06-2024,07-06-2024,Under Control
MH/KOP/2024/23/1140,Maharashtra,Kolhapur,Zika Virus,1,0,03-06-2024,03-06-2024,Under Surveillance
MH/NAG/2024/23/1141,Maharashtra,Nagpur,Cholera,5,0,04-06-2024,07-06-2024,Under Control
MH/THN/2024/23/1142,Maharashtra,Thane,Dengue,24,0,06-06-2024,07-06-2024,Under Surveillance
MG/EKH/2024/23/1143,Meghalaya,East Khasi Hills,Chickenpox,100,0,06-06-2024,07-06-2024,Under Surveillance
MG/EKH/2024/23/1144,Meghalaya,East Khasi Hills,Measles,28,0,07-06-2024,07-06-2024,Under Surveillance
MG/WKH/2024/23/1145,Meghalaya,Eastern West Khasi Hills,Hepatitis A,4,0,31-05-2024,05-06-2024,Under Surveillance
MG/RIB/2024/23/1146,Meghalaya,Ri Bhoi,Mushroom Poisoning,5,2,04-06-2024,05-06-2024,Under Surveillance
MG/WKH/2024/23/1147,Meghalaya,South West Khasi Hills,Mushroom Poisoning,10,2,03-06-2024,07-06-2024,Under Surveillance
MG/JTH/2024/23/1148,Meghalaya,West Jaintia Hills,Mushroom Poisoning,12,5,01-06-2024,05-06-2024,Under Surveillance
OR/DEO/2024/23/1149,Odisha,Deogarh,Food Poisoning,49,0,07-06-2024,07-06-2024,Under Control
AP/VKP/2024/24/1170,Andhra Pradesh,Alluri Sitharama Raju,Malaria,39,0,10-06-2024,13-06-2024,Under Control
AP/NLR/2024/24/1171,Andhra Pradesh,Annamayya,Acute Diarrheal Disease,28,0,11-06-2024,12-06-2024,Under Surveillance
AP/GNT/2024/24/1172,Andhra Pradesh,Bapatla,Acute Diarrheal Disease,44,0,15-06-2024,15-06-2024,Under Control
AP/CTR/2024/24/1173,Andhra Pradesh,Chittoor,Cholera,61,0,11-06-2024,15-06-2024,Under Surveillance
AP/CTR/2024/24/1174,Andhra Pradesh,Chittoor,Acute Diarrheal Disease,10,0,15-06-2024,15-06-2024,Under Surveillance
AP/CTR/2024/24/1175,Andhra Pradesh,Tirupati,Acute Diarrheal Disease,24,0,08-06-2024,13-06-2024,Under Control
AR/TWN/2024/24/1176,Arunachal Pradesh,Tawang,Chickenpox,10,0,11-06-2024,11-06-2024,Under Surveillance
AS/DAR/2024/24/1177,Assam,Darrang,Food Poisoning,5,0,08-06-2024,11-06-2024,Under Control
AS/GLP/2024/24/1178,Assam,Goalpara,Leptospirosis,20,0,11-06-2024,15-06-2024,Under Surveillance
AS/KOK/2024/24/1179,Assam,Kokrajhar,Food Poisoning,6,0,14-06-2024,15-06-2024,Under Surveillance
AS/KOK/2024/24/1180,Assam,Kokrajhar,Acute Diarrheal Disease,8,0,09-06-2024,10-06-2024,Under Surveillance
AS/KOK/2024/24/1181,Assam,Kokrajhar,Acute Diarrheal Disease,7,0,08-06-2024,10-06-2024,Under Surveillance
AS/NLB/2024/24/1182,Assam,Nalbari,Acute Diarrheal Disease,5,0,14-06-2024,16-06-2024,Under Surveillance
AS/NLB/2024/24/1183,Assam,Nalbari,Japanese Encephalitis,1,1,13-06-2024,16-06-2024,Under Surveillance
AS/SNT/2024/24/1184,Assam,Sonitpur,Food Poisoning,5,1,12-06-2024,12-06-2024,Under Control
BH/BHJ/2024/24/1185,Bihar,Bhojpur,Fever with Rash,11,0,12-06-2024,12-06-2024,Under Surveillance
BH/SRN/2024/24/1186,Bihar,Saran,Acute Diarrheal Disease,67,0,10-06-2024,12-06-2024,Under Surveillance
CT/BBR/2024/24/1187,Chhattisgarh,Baloda Bazar,Acute Diarrheal Disease,28,0,14-06-2024,14-06-2024,Under Control
CT/BBR/2024/24/1188,Chhattisgarh,Baloda Bazar,Acute Diarrheal Disease,24,0,10-06-2024,10-06-2024,Under Control
GJ/AND/2024/24/1189,Gujarat,Anand,Acute Diarrheal Disease,46,0,08-06-2024,10-06-2024,Under Control
GJ/GAN/2024/24/1190,Gujarat,Gandhinagar,Cholera,138,0,13-06-2024,14-06-2024,Under Surveillance
GJ/GAN/2024/24/1191,Gujarat,Gandhinagar,Cholera,12,0,09-06-2024,10-06-2024,Under Control
GJ/GAN/2024/24/1192,Gujarat,Gandhinagar,Cholera,11,0,10-06-2024,10-06-2024,Under Control
GJ/KHD/2024/24/1193,Gujarat,Kheda,Acute Diarrheal Disease,812,0,16-06-2024,16-06-2024,Under Control
GJ/KHD/2024/24/1194,Gujarat,Kheda,Acute Diarrheal Disease,27,0,15-06-2024,15-06-2024,Under Control
HP/MAN/2024/24/1195,Himachal Pradesh,Mandi,Hepatitis A,41,0,12-06-2024,15-06-2024,Under Surveillance
JK/BNP/2024/24/1196,Jammu and Kashmir,Bandipora,Hepatitis A,18,0,12-06-2024,12-06-2024,Under Control
JK/GBL/2024/24/1197,Jammu and Kashmir,Ganderbal,Acute Diarrheal Disease,38,0,12-06-2024,12-06-2024,Under Surveillance
JK/KTU/2024/24/1198,Jammu and Kashmir,Kathua,Mumps,10,0,10-06-2024,11-06-2024,Under Surveillance
JH/WSI/2024/24/1199,Jharkhand,West Singhbhum,Measles,28,0,10-06-2024,10-06-2024,Under Surveillance
JH/WSI/2024/24/1200,Jharkhand,West Singhbhum,Measles,30,0,08-06-2024,10-06-2024,Under Surveillance
AP/CTR/2024/25/1249,Andhra Pradesh,Chittoor,Food Poisoning,53,0,19-06-2024,21-06-2024,Under Control
AP/CTR/2024/25/1250,Andhra Pradesh,Chittoor,Acute Diarrheal Disease,14,0,11-06-2024,18-06-2024,Under Control
AP/VKP/2024/25/1251,Andhra Pradesh,Kakinada,Acute Diarrheal Disease,20,0,18-06-2024,21-06-2024,Under Surveillance
AR/LGG/2024/25/1252,Arunachal Pradesh,Longding,Cholera,78,3,18-06-2024,19-06-2024,Under Surveillance
AR/UPS/2024/25/1253,Arunachal Pradesh,Upper Subansiri,Measles,7,0,17-06-2024,17-06-2024,Under Surveillance
AS/DHU/2024/25/1254,Assam,Dhubri,Diphtheria,1,1,19-06-2024,19-06-2024,Under Surveillance
AS/KMR/2024/25/1255,Assam,Kamrup Metro,Chickenpox,56,0,18-06-2024,18-06-2024,Under Control
AS/NGO/2024/25/1256,Assam,Nagaon,Hepatitis A,10,0,21-06-2024,21-06-2024,Under Surveillance
CT/BMA/2024/25/1257,Chhattisgarh,Bemetara,Acute Diarrheal Disease,25,0,19-06-2024,19-06-2024,Under Control
CT/KAW/2024/25/1258,Chhattisgarh,Kabirdham,Acute Diarrheal Disease,42,0,22-06-2024,22-06-2024,Under Surveillance
GJ/AHM/2024/25/1259,Gujarat,Ahmadabad,Food Poisoning,60,0,21-06-2024,22-06-2024,Under Control
GJ/AND/2024/25/1260,Gujarat,Anand,Cholera,176,0,21-06-2024,21-06-2024,Under Surveillance
GJ/GSN/2024/25/1261,Gujarat,Gir Somnath,Dengue,16,0,20-06-2024,20-06-2024,Under Control
GJ/KUC/2024/25/1262,Gujarat,Kachchh,Cholera,30,0,20-06-2024,22-06-2024,Under Surveillance
GJ/KHD/2024/25/1263,Gujarat,Kheda,Acute Diarrheal Disease,53,0,20-06-2024,20-06-2024,Under Control
GJ/RJK/2024/25/1264,Gujarat,Rajkot,Cholera,46,6,22-06-2024,23-06-2024,Under Surveillance
GJ/VOD/2024/25/1265,Gujarat,Vadodara,Cholera,5,0,22-06-2024,23-06-2024,Under Surveillance
HP/KNG/2024/25/1266,Himachal Pradesh,Kangra,Acute Diarrheal Disease,115,0,22-06-2024,23-06-2024,Under Surveillance
JK/KWR/2024/25/1267,Jammu and Kashmir,Kupwara,Mumps,14,0,20-06-2024,20-06-2024,Under Surveillance
JH/DMK/2024/25/1268,Jharkhand,Dumka,Chickenpox,13,0,19-06-2024,20-06-2024,Under Surveillance
JH/ESI/2024/25/1269,Jharkhand,East Singhbum,Malaria,55,0,20-06-2024,20-06-2024,Under Surveillance
JH/GML/2024/25/1270,Jharkhand,Gumla,Measles,6,0,14-06-2024,21-06-2024,Under Control
KN/KPP/2024/25/1271,Karnataka,Koppal,Acute Diarrheal Disease,43,1,16-06-2024,18-06-2024,Under Surveillance
KN/KPP/2024/25/1272,Karnataka,Koppal,Cholera,55,0,16-06-2024,17-06-2024,Under Surveillance
KN/MNY/2024/25/1273,Karnataka,Mandya,Acute Diarrheal Disease,19,0,20-06-2024,20-06-2024,Under Control
KN/TUM/2024/25/1275,Karnataka,Tumakuru,Cholera,9,0,20-06-2024,21-06-2024,Under Control
KN/TUM/2024/25/1276,Karnataka,Tumakuru,Human Rabies,1,1,18-06-2024,18-06-2024,Under Control
MH/JGA/2024/25/1286,Maharashtra,Jalgaon,Acute Diarrheal Disease,115,0,18-06-2024,19-06-2024,Under Control
MH/KOP/2024/25/1287,Maharashtra,Kolhapur,Dengue,24,0,22-06-2024,23-06-2024,Under Surveillance
OR/KPT/2024/25/1290,Odisha,Koraput,Diphtheria,1,1,17-06-2024,18-06-2024,Under Surveillance
OR/KPT/2024/25/1291,Odisha,Koraput,Anthrax,6,0,19-06-2024,20-06-2024,Under Control
OR/MAL/2024/25/1292,Odisha,Malkangiri,Acute Diarrheal Disease,8,1,18-06-2024,18-06-2024,Under Control
OR/SBP/2024/25/1295,Odisha,Sambalpur,Hepatitis A,132,0,17-06-2024,18-06-2024,Under Surveillance
TN/TVM/2024/25/1297,Tamil Nadu,Tiruvannamalai,Acute Diarrheal Disease,14,0,19-06-2024,20-06-2024,Under Control
UK/NAI/2024/25/1298,Uttarakhand,Nainital,Acute Diarrheal Disease,75,1,18-06-2024,18-06-2024,Under Control
WB/PRL/2024/25/1299,West Bengal,Purulia,Acute Diarrheal Disease,6,0,20-06-2024,20-06-2024,Under Control
AP/CTR/2024/26/1306,Andhra Pradesh,Chittoor,Acute Diarrheal Disease,9,0,28-06-2024,28-06-2024,Under Control
AP/CTR/2024/26/1307,Andhra Pradesh,Chittoor,Acute Diarrheal Disease,25,0,24-06-2024,24-06-2024,Under Control
AP/KUR/2024/26/1308,Andhra Pradesh,Nandyal,Acute Diarrheal Disease,17,0,22-06-2024,24-06-2024,Under Control
AS/CRG/2024/26/1309,Assam,Chirang,Malaria,6,0,27-06-2024,27-06-2024,Under Surveillance
AS/KAD/2024/26/1310,Assam,Karbi Anglong,Acute Encephalitic Syndrome,1,1,28-06-2024,28-06-2024,Under Surveillance
AS/MJU/2024/26/1311,Assam,Majuli,Mushroom Poisoning,1,1,25-06-2024,28-06-2024,Under Control
BH/PAC/2024/26/1312,Bihar,Purbi Champaran,Measles,9,0,26-06-2024,27-06-2024,Under Surveillance
GJ/AND/2024/26/1313,Gujarat,Anand,Cholera,60,0,27-06-2024,28-06-2024,Under Control
GJ/MIS/2024/26/1314,Gujarat,Mahisagar,Food Poisoning,8,0,29-06-2024,29-06-2024,Under Control
JK/BML/2024/26/1315,Jammu and Kashmir,Baramulla,Hepatitis A,14,0,25-06-2024,25-06-2024,Under Control
JK/KWR/2024/26/1316,Jammu and Kashmir,Kupwara,Chickenpox,26,0,26-06-2024,26-06-2024,Under Surveillance
JK/SNR/2024/26/1317,Jammu and Kashmir,Srinagar,Hepatitis A,14,0,26-06-2024,27-06-2024,Under Surveillance
JH/KOE/2024/26/1318,Jharkhand,Koderma,Malaria,6,0,26-06-2024,29-06-2024,Under Control
KN/BEL/2024/26/1319,Karnataka,Ballari,Acute Diarrheal Disease,15,0,24-06-2024,25-06-2024,Under Surveillance
KN/BEG/2024/26/1320,Karnataka,Belagavi,Cholera,10,0,24-06-2024,24-06-2024,Under Control
KN/KOL/2024/26/1322,Karnataka,Kolar,Cholera,30,0,24-06-2024,24-06-2024,Under Control
KN/RCR/2024/26/1323,Karnataka,Raichur,Acute Diarrheal Disease,13,0,27-06-2024,28-06-2024,Under Control
KL/ERN/2024/26/1327,Kerala,Ernakulam,Dengue,113,0,23-06-2024,24-06-2024,Under Surveillance
KL/IDK/2024/26/1328,Kerala,Idukki,Hepatitis A,11,0,22-06-2024,28-06-2024,Under Surveillance
KL/MLP/2024/26/1329,Kerala,Malappuram,Acute Gastroenteritis,9,0,23-06-2024,24-06-2024,Under Surveillance
KL/PKD/2024/26/1330,Kerala,Palakkad,Hepatitis A,6,0,23-06-2024,24-06-2024,Under Surveillance
MP/NSP/2024/26/1332,Madhya Pradesh,Narsinghpur,Dengue,23,0,24-06-2024,24-06-2024,Under Surveillance
MP/SNA/2024/26/1333,Madhya Pradesh,Satna,Acute Diarrheal Disease,68,0,27-06-2024,27-06-2024,Under Control
MP/SHR/2024/26/1334,Madhya Pradesh,Sehore,Dengue,16,0,24-06-2024,24-06-2024,Under Surveillance
MH/PNE/2024/26/1342,Maharashtra,Pune,Zika Virus,8,0,24-06-2024,27-06-2024,Under Surveillance
MH/PNE/2024/26/1343,Maharashtra,Pune,Dengue,5,0,19-06-2024,25-06-2024,Under Surveillance
MH/PNE/2024/26/1344,Maharashtra,Pune,Chikungunya,12,0,19-06-2024,25-06-2024,Under Surveillance
MH/RGD/2024/26/1345,Maharashtra,Raigad,Dengue,2,1,24-06-2024,25-06-2024,Under Surveillance
MG/EKH/2024/26/1350,Meghalaya,East Khasi Hills,Mushroom Poisoning,5,0,23-06-2024,24-06-2024,Under Control
MG/WKH/2024/26/1351,Meghalaya,West Khasi Hills,Measles,15,0,26-06-2024,30-06-2024,Under Surveillance
OR/NYG/2024/26/1353,Odisha,Nayagarh,Hepatitis A,8,0,26-05-2024,26-06-2024,Under Surveillance
OR/PRI/2024/26/1355,Odisha,Puri,Acute Diarrheal Disease,12,1,25-06-2024,26-06-2024,Under Control
TN/PUD/2024/26/1360,Tamil Nadu,Pudukkottai,Chikungunya,20,0,25-06-2024,26-06-2024,Under Control
TN/TVR/2024/26/1361,Tamil Nadu,Thiruvarur,Acute Gastroenteritis,37,0,27-06-2024,28-06-2024,Under Control
TL/RAY/2024/26/1367,Telangana,Ranga Reddy,Acute Diarrheal Disease,48,0,26-06-2024,26-06-2024,Under Control
UP/FAT/2024/26/1369,Uttar Pradesh,Kannauj,Food Poisoning,21,0,24-06-2024,26-06-2024,Under Surveillance
UK/RDP/2024/26/1370,Uttarakhand,Rudraprayag,Hepatitis A,11,0,27-06-2024,29-06-2024,Under Surveillance
WB/HGL/2024/26/1371,West Bengal,Hooghly,Food Poisoning,42,0,25-06-2024,25-06-2024,Under Control
AP/ANT/2024/27/1382,Andhra Pradesh,Anantapur,Acute Diarrheal Disease,22,0,26-06-2024,03-07-2024,Under Control
AP/CTR/2024/27/1383,Andhra Pradesh,Chittoor,Food Poisoning,31,0,04-07-2024,04-07-2024,Under Control
AP/VKP/2024/27/1384,Andhra Pradesh,Kakinada,Acute Diarrheal Disease,18,0,03-07-2024,05-07-2024,Under Control
AP/KUR/2024/27/1385,Andhra Pradesh,Nandyal,Acute Diarrheal Disease,42,0,01-07-2024,02-07-2024,Under Control
AS/BPT/2024/27/1386,Assam,Bajali,Fever,16,0,04-07-2024,04-07-2024,Under Surveillance
AS/JRT/2024/27/1387,Assam,Jorhat,Human Rabies,1,1,01-07-2024,02-07-2024,Under Control
AS/UAL/2024/27/1388,Assam,Udalguri,Malaria,24,0,02-07-2024,02-07-2024,Under Surveillance
BH/BHJ/2024/27/1389,Bihar,Bhojpur,Acute Diarrheal Disease,13,0,28-06-2024,03-07-2024,Under Surveillance
BH/JAH/2024/27/1390,Bihar,Jehanabad,Acute Diarrheal Disease,19,1,07-07-2024,07-07-2024,Under Control
CT/BBR/2024/27/1391,Chhattisgarh,Baloda Bazar,Acute Diarrheal Disease,151,0,01-07-2024,01-07-2024,Under Control
CT/BBR/2024/27/1392,Chhattisgarh,Baloda Bazar,Acute Diarrheal Disease,87,0,30-06-2024,01-07-2024,Under Control
CT/BLS/2024/27/1393,Chhattisgarh,Bilaspur,Acute Diarrheal Disease,59,0,30-06-2024,01-07-2024,Under Control
CT/BLS/2024/27/1394,Chhattisgarh,Bilaspur,Acute Diarrheal Disease,21,0,01-07-2024,01-07-2024,Under Control
CT/KAW/2024/27/1395,Chhattisgarh,Kabirdham,Acute Diarrheal Disease,30,0,03-07-2024,04-07-2024,Under Surveillance
CT/MHN/2024/27/1396,Chhattisgarh,Mahasamund,Acute Diarrheal Disease,97,0,02-07-2024,02-07-2024,Under Surveillance
HP/KIR/2024/27/1397,Himachal Pradesh,Kinnaur,Acute Diarrheal Disease,186,0,26-06-2024,01-07-2024,Under Surveillance
JK/BPN/2024/27/1398,Jammu and Kashmir,Bandipora,Mumps,11,0,01-07-2024,01-07-2024,Under Surveillance
JK/KWR/2024/27/1399,Jammu and Kashmir,Kupwara,Acute Diarrheal Disease,76,0,05-07-2024,05-07-2024,Under Surveillance
JK/UDP/2024/27/1400,Jammu and Kashmir,Udhampur,Mumps,13,0,26-06-2024,05-07-2024,Under Surveillance
JH/LOH/2024/27/1401,Jharkhand,Lohardaga,Food Poisoning,16,0,05-07-2024,06-07-2024,Under Control
KN/GUL/2024/27/1402,Karnataka,Kalaburagi,Food Poisoning,47,0,02-07-2024,02-07-2024,Under Surveillance
KN/GUL/2024/27/1403,Karnataka,Kalaburagi,Acute Diarrheal Disease,16,0,30-06-2024,01-07-2024,Under Surveillance
KN/MNY/2024/27/1404,Karnataka,Mandya,Acute Diarrheal Disease,21,0,03-07-2024,03-07-2024,Under Control
KN/RCR/2024/27/1405,Karnataka,Raichur,Acute Diarrheal Disease,15,0,01-07-2024,03-07-2024,Under Surveillance
KN/RCR/2024/27/1406,Karnataka,Raichur,Food Poisoning,32,0,05-07-2024,06-07-2024,Under Control
KN/SHI/2024/27/1407,Karnataka,Shivamogga,Zika Virus,3,0,04-07-2024,04-07-2024,Under Surveillance
KN/UDU/2024/27/1408,Karnataka,Udupi,Acute Diarrheal Disease,12,0,30-06-2024,01-07-2024,Under Control
KL/ERN/2024/27/1409,Kerala,Ernakulam,Dengue,129,0,01-07-2024,05-07-2024,Under Surveillance
KL/KTM/2024/27/1410,Kerala,Kottayam,Acute Diarrheal Disease,26,0,05-07-2024,05-07-2024,Under Control
KL/THI/2024/27/1411,Kerala,Thiruvananthapuram,Acute Diarrheal Disease,82,0,02-07-2024,03-07-2024,Under Surveillance
KL/WYN/2024/27/1412,Kerala,Wayanad,Mumps,11,0,29-06-2024,06-07-2024,Under Surveillance
KL/WYN/2024/27/1413,Kerala,Wayanad,Mumps,13,0,26-06-2024,06-07-2024,Under Surveillance
MP/HAR/2024/27/1414,Madhya Pradesh,Harda,Acute Diarrheal Disease,53,0,02-07-2024,03-07-2024,Under Surveillance
MP/HAR/2024/27/1415,Madhya Pradesh,Harda,Acute Diarrheal Disease,35,0,01-07-2024,01-07-2024,Under Surveillance
MP/INR/2024/27/1416,Madhya Pradesh,Indore,Dengue,69,0,02-07-2024,03-07-2024,Under Surveillance
MP/INR/2024/27/1417,Madhya Pradesh,Indore,Cholera,63,0,03-07-2024,03-07-2024,Under Control
MP/SAG/2024/27/1422,Madhya Pradesh,Sagar,Cholera,251,3,05-07-2024,05-07-2024,Under Surveillance
AP/CTR/2024/28/1435,Andhra Pradesh,Chittoor,Food Poisoning,42,0,12-07-2024,12-07-2024,Under Control
AP/CTR/2024/28/1436,Andhra Pradesh,Chittoor,Acute Diarrheal Disease,18,0,10-07-2024,11-07-2024,Under Control
AP/KUR/2024/28/1437,Andhra Pradesh,Nandyal,Acute Diarrheal Disease,22,0,09-07-2024,10-07-2024,Under Control
AR/LGG/2024/28/1438,Arunachal Pradesh,Longding,Cholera,90,2,08-07-2024,10-07-2024,Under Surveillance
AS/KMR/2024/28/1439,Assam,Kamrup Metro,Chickenpox,75,0,07-07-2024,09-07-2024,Under Control
AS/NGO/2024/28/1440,Assam,Nagaon,Hepatitis A,11,0,11-07-2024,12-07-2024,Under Surveillance
BH/JAH/2024/28/1441,Bihar,Jehanabad,Acute Diarrheal Disease,24,1,13-07-2024,13-07-2024,Under Control
CT/BLS/2024/28/1442,Chhattisgarh,Bilaspur,Acute Diarrheal Disease,76,0,10-07-2024,10-07-2024,Under Control
CT/KAW/2024/28/1443,Chhattisgarh,Kabirdham,Acute Diarrheal Disease,38,0,11-07-2024,11-07-2024,Under Surveillance
GJ/AHM/2024/28/1444,Gujarat,Ahmadabad,Food Poisoning,68,0,12-07-2024,12-07-2024,Under Control
GJ/AND/2024/28/1445,Gujarat,Anand,Cholera,200,1,11-07-2024,12-07-2024,Under Surveillance
GJ/KHD/2024/28/1446,Gujarat,Kheda,Acute Diarrheal Disease,78,0,10-07-2024,10-07-2024,Under Control
HP/KNG/2024/28/1447,Himachal Pradesh,Kangra,Acute Diarrheal Disease,150,0,12-07-2024,12-07-2024,Under Surveillance
JK/KWR/2024/28/1448,Jammu and Kashmir,Kupwara,Mumps,18,0,09-07-2024,10-07-2024,Under Surveillance
JH/GML/2024/28/1449,Jharkhand,Gumla,Measles,8,0,08-07-2024,09-07-2024,Under Control
KN/KPP/2024/28/1450,Karnataka,Koppal,Acute Diarrheal Disease,55,0,10-07-2024,11-07-2024,Under Surveillance
KN/MNY/2024/28/1451,Karnataka,Mandya,Acute Diarrheal Disease,30,0,09-07-2024,10-07-2024,Under Control
MH/KOP/2024/28/1452,Maharashtra,Kolhapur,Dengue,35,0,12-07-2024,12-07-2024,Under Surveillance
MH/PNE/2024/28/1453,Maharashtra,Pune,Cholera,9,0,11-07-2024,12-07-2024,Under Control
OR/KPT/2024/28/1454,Odisha,Koraput,Diphtheria,2,1,10-07-2024,11-07-2024,Under Surveillance
OR/MAL/2024/28/1455,Odisha,Malkangiri,Acute Diarrheal Disease,10,0,11-07-2024,12-07-2024,Under Control
TN/TVM/2024/28/1456,Tamil Nadu,Tiruvannamalai,Acute Diarrheal Disease,15,0,12-07-2024,12-07-2024,Under Control
UP/FAT/2024/28/1457,Uttar Pradesh,Kannauj,Food Poisoning,30,0,11-07-2024,12-07-2024,Under Surveillance
WB/HGL/2024/28/1458,West Bengal,Hooghly,Food Poisoning,55,0,10-07-2024,10-07-2024,Under Control
AP/PLU/2024/29/1554,Andhra Pradesh,Palnadu,Acute Diarrheal Disease,64,0,12-07-2024,20-07-2024,Under Control
AP/TPT/2024/29/1555,Andhra Pradesh,Tirupati,Food Poisoning,135,0,15-07-2024,18-07-2024,Under Control
AP/TPT/2024/29/1556,Andhra Pradesh,Tirupati,Food Poisoning,18,2,15-07-2024,18-07-2024,Under Control
AR/LDA/2024/29/1557,Arunachal Pradesh,Leparada,Acute Diarrheal Disease,16,0,18-07-2024,19-07-2024,Under Control
AR/LHT/2024/29/1558,Arunachal Pradesh,Lohit,Shigellosis,29,0,18-07-2024,18-07-2024,Under Control
AS/CHG/2024/29/1559,Assam,Chirang,Japanese Encephalitis,3,0,19-07-2024,21-07-2024,Under Control
AS/GLP/2024/29/1560,Assam,Goalpara,Human Rabies,1,1,18-07-2024,18-07-2024,Under Control
AS/GLP/2024/29/1561,Assam,Goalpara,Acute Diarrheal Disease,35,0,17-07-2024,17-07-2024,Under Control
AS/KAG/2024/29/1562,Assam,Karbi Anglong,Japanese Encephalitis,2,2,19-07-2024,21-07-2024,Under Control
AS/SNP/2024/29/1563,Assam,Sonitpur,Fever,30,0,18-07-2024,19-07-2024,Under Control
BH/PTN/2024/29/1564,Bihar,Patna,Cholera,25,0,20-06-2024,20-07-2024,Under Control
CT/BJP/2024/29/1565,Chhattisgarh,Bijapur,Malaria,4,2,15-07-2024,15-07-2024,Under Surveillance
CT/BLS/2024/29/1566,Chhattisgarh,Bilaspur,Acute Diarrheal Disease,118,0,12-07-2024,15-07-2024,Under Control
CT/DRG/2024/29/1567,Chhattisgarh,Durg,Cholera,225,0,20-07-2024,21-07-2024,Under Surveillance
CT/DRG/2024/29/1568,Chhattisgarh,Durg,Cholera,96,0,18-07-2024,18-07-2024,Under Surveillance
CT/JGC/2024/29/1569,Chhattisgarh,Janjgir-Champa,Acute Diarrheal Disease,237,2,16-07-2024,16-07-2024,Under Control
CT/KBD/2024/29/1570,Chhattisgarh,Kabirdham,Acute Diarrheal Disease,113,0,12-07-2024,15-07-2024,Under Surveillance
GJ/NRM/2024/29/1571,Gujarat,Narmada,Measles,8,0,18-07-2024,19-07-2024,Under Surveillance
GJ/VDD/2024/29/1572,Gujarat,Vadodara,Cholera,40,0,16-07-2024,16-07-2024,Under Control
HR/FTB/2024/29/1573,Haryana,Fatehabad,Cholera,140,0,13-07-2024,17-07-2024,Under Surveillance
JK/ANG/2024/29/1574,Jammu and Kashmir,Anantnag,Acute Diarrheal Disease,142,0,20-07-2024,20-07-2024,Under Surveillance
JK/GDB/2024/29/1575,Jammu and Kashmir,Ganderbal,Hepatitis A,9,0,16-07-2024,18-07-2024,Under Surveillance
JK/KPW/2024/29/1576,Jammu and Kashmir,Kupwara,Measles,6,0,17-07-2024,17-07-2024,Under Control
JK/POH/2024/29/1577,Jammu and Kashmir,Poonch,Food Poisoning,13,0,17-07-2024,18-07-2024,Under Control
JH/RAN/2024/29/1578,Jharkhand,Ranchi,Dengue,10,0,13-07-2024,15-07-2024,Under Control
KN/MND/2024/29/1579,Karnataka,Mandya,Fever,21,0,19-07-2024,19-07-2024,Under Control
KN/RCR/2024/29/1580,Karnataka,Raichur,Acute Diarrheal Disease,50,0,20-07-2024,21-07-2024,Under Control
KN/UPP/2024/29/1581,Karnataka,Udupi,Hepatitis A,24,0,18-07-2024,19-07-2024,Under Control
KN/YDG/2024/29/1582,Karnataka,Yadgir,Cholera,71,0,20-07-2024,20-07-2024,Under Control
KL/APZ/2024/29/1583,Kerala,Alappuzha,Food Poisoning,34,0,19-07-2024,20-07-2024,Under Surveillance
KL/KTM/2024/29/1584,Kerala,Kottayam,Hepatitis A,31,0,18-07-2024,18-07-2024,Under Surveillance
KL/KTM/2024/29/1585,Kerala,Kottayam,Hepatitis A,18,0,18-07-2024,18-07-2024,Under Surveillance
KL/KTM/2024/29/1586,Kerala,Kottayam,Mumps,23,0,17-07-2024,17-07-2024,Under Surveillance
KL/KOZ/2024/29/1587,Kerala,Kozhikode,Jaundice,55,0,18-07-2024,19-07-2024,Under Surveillance
KL/PAT/2024/29/1588,Kerala,Pathanamthitta,Leptospirosis,8,0,19-07-2024,19-07-2024,Under Surveillance
KL/WYN/2024/29/1589,Kerala,Wayanad,Mumps,18,0,08-07-2024,19-07-2024,Under Surveillance
AP/CTR/2024/30/1602,Andhra Pradesh,Chittoor,Food Poisoning,38,0,22-07-2024,23-07-2024,Under Control
AP/KRS/2024/30/1603,Andhra Pradesh,Krishna,Acute Diarrheal Disease,45,0,20-07-2024,22-07-2024,Under Control
AP/PKS/2024/30/1604,Andhra Pradesh,Prakasam,Cholera,16,0,24-07-2024,25-07-2024,Under Surveillance
AR/TWN/2024/30/1605,Arunachal Pradesh,Tawang,Measles,8,0,22-07-2024,24-07-2024,Under Surveillance
AS/GLP/2024/30/1606,Assam,Goalpara,Japanese Encephalitis,4,0,20-07-2024,22-07-2024,Under Control
AS/NLB/2024/30/1607,Assam,Nalbari,Dengue,6,0,22-07-2024,24-07-2024,Under Surveillance
BH/PTN/2024/30/1608,Bihar,Patna,Food Poisoning,29,0,23-07-2024,24-07-2024,Under Control
CT/DRG/2024/30/1609,Chhattisgarh,Durg,Acute Diarrheal Disease,102,0,22-07-2024,23-07-2024,Under Surveillance
CT/JGC/2024/30/1610,Chhattisgarh,Janjgir-Champa,Cholera,215,0,21-07-2024,23-07-2024,Under Control
CT/KBD/2024/30/1611,Chhattisgarh,Kabirdham,Acute Diarrheal Disease,87,0,22-07-2024,24-07-2024,Under Surveillance
GJ/AHM/2024/30/1612,Gujarat,Ahmadabad,Cholera,59,0,20-07-2024,23-07-2024,Under Control
GJ/KHD/2024/30/1613,Gujarat,Kheda,Acute Diarrheal Disease,72,0,24-07-2024,25-07-2024,Under Surveillance
JK/KPW/2024/30/1614,Jammu and Kashmir,Kupwara,Mumps,16,0,21-07-2024,23-07-2024,Under Surveillance
JK/RJR/2024/30/1615,Jammu and Kashmir,Rajauri,Acute Diarrheal Disease,48,0,22-07-2024,24-07-2024,Under Control
JH/DHN/2024/30/1616,Jharkhand,Dhanbad,Chickenpox,10,0,20-07-2024,22-07-2024,Under Control
KN/MND/2024/30/1617,Karnataka,Mandya,Acute Diarrheal Disease,35,0,23-07-2024,24-07-2024,Under Surveillance
KN/RCR/2024/30/1618,Karnataka,Raichur,Dengue,14,0,22-07-2024,23-07-2024,Under Control
KL/MLP/2024/30/1619,Kerala,Malappuram,Hepatitis A,22,0,23-07-2024,24-07-2024,Under Surveillance
KL/PKD/2024/30/1620,Kerala,Palakkad,Acute Diarrheal Disease,17,0,22-07-2024,23-07-2024,Under Control
MP/IND/2024/30/1621,Madhya Pradesh,Indore,Cholera,112,0,21-07-2024,22-07-2024,Under Surveillance
MP/SAG/2024/30/1622,Madhya Pradesh,Sagar,Acute Diarrheal Disease,89,0,23-07-2024,24-07-2024,Under Control
MH/KOP/2024/30/1623,Maharashtra,Kolhapur,Dengue,29,0,22-07-2024,24-07-2024,Under Surveillance
MH/NAS/2024/30/1624,Maharashtra,Nashik,Cholera,15,0,21-07-2024,23-07-2024,Under Control
OR/KPT/2024/30/1625,Odisha,Koraput,Food Poisoning,11,0,22-07-2024,24-07-2024,Under Control
UP/GKP/2024/30/1626,Uttar Pradesh,Gorakhpur,Japanese Encephalitis,5,0,20-07-2024,22-07-2024,Under Control
WB/HGL/2024/30/1627,West Bengal,Hooghly,Food Poisoning,42,0,22-07-2024,23-07-2024,Under Control
AP/CTR/2024/31/1650,Andhra Pradesh,Chittoor,Food Poisoning,44,0,29-07-2024,30-07-2024,Under Control
AP/KRS/2024/31/1651,Andhra Pradesh,Krishna,Acute Diarrheal Disease,51,0,28-07-2024,30-07-2024,Under Control
AP/PKS/2024/31/1652,Andhra Pradesh,Prakasam,Cholera,21,0,27-07-2024,30-07-2024,Under Surveillance
AR/TWN/2024/31/1653,Arunachal Pradesh,Tawang,Measles,10,0,29-07-2024,30-07-2024,Under Surveillance
AS/GLP/2024/31/1654,Assam,Goalpara,Japanese Encephalitis,4,0,28-07-2024,30-07-2024,Under Control
AS/NLB/2024/31/1655,Assam,Nalbari,Dengue,6,0,28-07-2024,30-07-2024,Under Surveillance
BH/PTN/2024/31/1656,Bihar,Patna,Food Poisoning,33,0,28-07-2024,30-07-2024,Under Control
CT/DRG/2024/31/1657,Chhattisgarh,Durg,Acute Diarrheal Disease,98,0,28-07-2024,30-07-2024,Under Surveillance
CT/JGC/2024/31/1658,Chhattisgarh,Janjgir-Champa,Cholera,225,0,28-07-2024,30-07-2024,Under Control
GJ/AHM/2024/31/1659,Gujarat,Ahmadabad,Cholera,64,0,28-07-2024,30-07-2024,Under Control
GJ/KHD/2024/31/1660,Gujarat,Kheda,Acute Diarrheal Disease,79,0,28-07-2024,30-07-2024,Under Surveillance
JK/KPW/2024/31/1661,Jammu and Kashmir,Kupwara,Mumps,19,0,28-07-2024,30-07-2024,Under Surveillance
JH/DHN/2024/31/1662,Jharkhand,Dhanbad,Chickenpox,12,0,28-07-2024,30-07-2024,Under Control
KN/MND/2024/31/1663,Karnataka,Mandya,Acute Diarrheal Disease,38,0,28-07-2024,30-07-2024,Under Surveillance
KL/MLP/2024/31/1664,Kerala,Malappuram,Hepatitis A,24,0,28-07-2024,30-07-2024,Under Surveillance
MP/IND/2024/31/1665,Madhya Pradesh,Indore,Cholera,115,0,28-07-2024,30-07-2024,Under Surveillance
MP/SAG/2024/31/1666,Madhya Pradesh,Sagar,Acute Diarrheal Disease,91,0,28-07-2024,30-07-2024,Under Control
MH/KOP/2024/31/1667,Maharashtra,Kolhapur,Dengue,31,0,28-07-2024,30-07-2024,Under Surveillance
MH/NAS/2024/31/1668,Maharashtra,Nashik,Cholera,17,0,28-07-2024,30-07-2024,Under Control
OR/KPT/2024/31/1669,Odisha,Koraput,Food Poisoning,13,0,28-07-2024,30-07-2024,Under Control
UP/GKP/2024/31/1670,Uttar Pradesh,Gorakhpur,Japanese Encephalitis,6,0,28-07-2024,30-07-2024,Under Control
WB/HGL/2024/31/1671,West Bengal,Hooghly,Food Poisoning,44,0,28-07-2024,30-07-2024,Under Control
AP/CTR/2024/32/1861,Andhra Pradesh,Chittoor,Cholera,71,0,06-08-2024,06-08-2024,Under Surveillance
AP/SRK/2024/32/1862,Andhra Pradesh,Srikakulam,Acute Diarrheal Disease,82,1,04-08-2024,07-08-2024,Under Surveillance
AS/BON/2024/32/1863,Assam,Bongaigaon,Japanese Encephalitis,7,7,04-08-2024,08-08-2024,Under Control
AS/KOK/2024/32/1864,Assam,Kokrajhar,Measles,11,0,07-08-2024,07-08-2024,Under Surveillance
AS/LKM/2024/32/1865,Assam,Lakhimpur,Acute Diarrheal Disease,86,0,06-08-2024,06-08-2024,Under Surveillance
BH/JHB/2024/32/1866,Bihar,Jehanabad,Acute Diarrheal Disease,30,0,04-08-2024,08-08-2024,Under Surveillance
CT/BLD/2024/32/1867,Chhattisgarh,Balod,Acute Diarrheal Disease,169,0,06-08-2024,06-08-2024,Under Control
CT/BBZ/2024/32/1868,Chhattisgarh,Baloda Bazar,Acute Diarrheal Disease,24,0,04-08-2024,05-08-2024,Under Control
CT/BMT/2024/32/1869,Chhattisgarh,Bemetara,Acute Diarrheal Disease,52,0,07-08-2024,07-08-2024,Under Surveillance
CT/JJC/2024/32/1870,Chhattisgarh,Janjgir-Champa,Acute Diarrheal Disease,34,0,10-08-2024,11-08-2024,Under Surveillance
CT/RAP/2024/32/1871,Chhattisgarh,Raipur,Acute Diarrheal Disease,44,0,08-08-2024,11-08-2024,Under Surveillance
HR/KRN/2024/32/1882,Haryana,Karnal,Cholera,369,0,05-08-2024,06-08-2024,Under Surveillance
HR/YMN/2024/32/1883,Haryana,Yamunanagar,Hepatitis A,51,0,06-08-2024,06-08-2024,Under Surveillance
JK/ANT/2024/32/1885,Jammu and Kashmir,Anantnag,Hepatitis A,9,0,05-08-2024,05-08-2024,Under Surveillance
JH/HZB/2024/32/1891,Jharkhand,Hazaribagh,Dengue,45,0,08-08-2024,08-08-2024,Under Surveillance
KL/KNN/2024/32/1896,Kerala,Kannur,Hepatitis A,61,0,01-08-2024,05-08-2024,Under Surveillance
MP/GWL/2024/32/1907,Madhya Pradesh,Gwalior,Cholera,7,0,06-08-2024,06-08-2024,Under Control
MP/HRD/2024/32/1908,Madhya Pradesh,Harda,Cholera,28,0,05-08-2024,06-08-2024,Under Surveillance
MP/RWA/2024/32/1913,Madhya Pradesh,Rewa,Acute Diarrheal Disease,7,0,08-08-2024,08-08-2024,Under Control
MP/STN/2024/32/1916,Madhya Pradesh,Satna,Acute Diarrheal Disease,33,1,04-08-2024,05-08-2024,Under Surveillance
MP/SHD/2024/32/1918,Madhya Pradesh,Shahdol,Acute Diarrheal Disease,7,2,08-08-2024,08-08-2024,Under Surveillance
MP/SGR/2024/32/1921,Madhya Pradesh,Singrauli,Acute Diarrheal Disease,94,1,05-08-2024,05-08-2024,Under Surveillance
MH/PNE/2024/32/1929,Maharashtra,Pune,Zika Virus,1,0,03-08-2024,07-08-2024,Under Control
OR/BLA/2024/32/1932,Odisha,Baleshwar,Food Poisoning,112,0,08-08-2024,09-08-2024,Under Control
TN/DHP/2024/32/1940,Tamil Nadu,Dharmapuri,Mumps,5,0,07-08-2024,08-08-2024,Under Surveillance
TN/SVG/2024/32/1944,Tamil Nadu,Sivaganga,Dengue & Chikungunya,12,0,10-08-2024,10-08-2024,Under Surveillance
AS/BPT/2024/33/1970,Assam,Barpeta,Fever,20,0,12-08-2024,12-08-2024,Under Control
AS/DRN/2024/33/1971,Assam,Darrang,Food Poisoning,24,0,12-08-2024,14-08-2024,Under Surveillance
AS/DHE/2024/33/1972,Assam,Dhemaji,Food Poisoning,93,1,15-08-2024,16-08-2024,Under Surveillance
AS/KMP/2024/33/1973,Assam,Kamrup,Food Poisoning,93,0,05-08-2024,12-08-2024,Under Surveillance
AS/MJL/2024/33/1974,Assam,Majuli,Acute Diarrheal Disease,27,0,11-08-2024,13-08-2024,Under Control
BH/JMI/2024/33/1975,Bihar,Jamui,Acute Diarrheal Disease,18,0,12-08-2024,13-08-2024,Under Surveillance
BH/MDH/2024/33/1976,Bihar,Madhepura,Typhoid,29,0,14-08-2024,14-08-2024,Under Surveillance
CT/BLD/2024/33/1977,Chhattisgarh,Balod,Acute Diarrheal Disease,37,0,16-08-2024,17-08-2024,Under Control
CT/BDB/2024/33/1978,Chhattisgarh,Baloda Bazar,Acute Diarrheal Disease,47,0,11-08-2024,12-08-2024,Under Control
CT/BMT/2024/33/1979,Chhattisgarh,Bemetara,Acute Diarrheal Disease,51,0,16-08-2024,16-08-2024,Under Control
CT/BLP/2024/33/1980,Chhattisgarh,Bilaspur,Acute Diarrheal Disease,33,0,09-08-2024,12-08-2024,Under Control
CT/DRG/2024/33/1981,Chhattisgarh,Durg,Acute Diarrheal Disease,34,0,12-08-2024,13-08-2024,Under Control
CT/GRY/2024/33/1982,Chhattisgarh,Gariyaband,Acute Diarrheal Disease,36,0,13-08-2024,14-08-2024,Under Control
CT/SRG/2024/33/1983,Chhattisgarh,Surguja,Acute Diarrheal Disease,19,0,13-08-2024,14-08-2024,Under Control
CT/SRG/2024/33/1984,Chhattisgarh,Surguja,Acute Diarrheal Disease,35,0,12-08-2024,13-08-2024,Under Control
GJ/DHD/2024/33/1985,Gujarat,Dohad,Acute Diarrheal Disease,10,1,17-08-2024,17-08-2024,Under Control
JK/BOP/2024/33/1986,Jammu and Kashmir,Bandipora,Cholera,27,0,17-08-2024,17-08-2024,Under Surveillance
JK/BRM/2024/33/1987,Jammu and Kashmir,Baramulla,Chickenpox,12,0,16-08-2024,16-08-2024,Under Control
JK/BRM/2024/33/1988,Jammu and Kashmir,Baramulla,Hepatitis A,19,0,13-08-2024,14-08-2024,Under Control
JK/KPW/2024/33/1989,Jammu and Kashmir,Kupwara,Acute Diarrheal Disease,37,0,14-08-2024,14-08-2024,Under Surveillance
JK/RMB/2024/33/1990,Jammu and Kashmir,Ramban,Food Poisoning,134,1,16-08-2024,17-08-2024,Under Surveillance
JK/RSI/2024/33/1991,Jammu and Kashmir,Reasi,Cholera,41,0,13-08-2024,14-08-2024,Under Control
JK/SMB/2024/33/1992,Jammu and Kashmir,Samba,Human Rabies,1,1,14-08-2024,16-08-2024,Under Surveillance
JK/UDM/2024/33/1993,Jammu and Kashmir,Udhampur,Cholera,23,0,16-08-2024,16-08-2024,Under Control
JH/GRD/2024/33/1994,Jharkhand,Garhwa,Acute Diarrheal Disease,43,0,14-08-2024,16-08-2024,Under Surveillance
JH/GRD/2024/33/1995,Jharkhand,Giridih,Acute Diarrheal Disease,22,2,16-08-2024,16-08-2024,Under Control
JH/HZB/2024/33/1996,Jharkhand,Hazaribagh,Acute Diarrheal Disease,57,0,14-08-2024,16-08-2024,Under Surveillance
JH/KOD/2024/33/1997,Jharkhand,Koderma,Acute Diarrheal Disease,32,0,13-08-2024,13-08-2024,Under Surveillance
KN/BGV/2024/33/1998,Karnataka,Belagavi,Acute Diarrheal Disease,99,1,12-08-2024,12-08-2024,Under Surveillance
KN/BNG/2024/33/1999,Karnataka,Bengaluru Urban,Zika Virus,7,0,14-08-2024,17-08-2024,Under Surveillance
KN/RIC/2024/33/2000,Karnataka,Raichur,Chikungunya,23,0,12-08-2024,13-08-2024,Under Control
AP/ANK/2024/34/2043,Andhra Pradesh,Anakapalli,Food Poisoning,81,3,19-08-2024,23-08-2024,Under Surveillance
AP/CHT/2024/34/2044,Andhra Pradesh,Chittoor,Acute Diarrheal Disease,200,0,21-08-2024,23-08-2024,Under Surveillance
AP/SSS/2024/34/2045,Andhra Pradesh,Sri Sathya Sai,Cholera,47,0,20-08-2024,20-08-2024,Under Surveillance
AR/PUM/2024/34/2046,Arunachal Pradesh,Papum Pare,Acute Diarrheal Disease,19,2,21-08-2024,21-08-2024,Under Control
AS/KOK/2024/34/2047,Assam,Bongaigaon,Japanese Encephalitis,3,3,19-08-2024,22-08-2024,Under Control
AS/DIB/2024/34/2048,Assam,Dibrugarh,Acute Diarrheal Disease,48,0,20-08-2024,21-08-2024,Under Control
BH/ARG/2024/34/2049,Bihar,Aurangabad,Acute Diarrheal Disease,15,0,16-08-2024,19-08-2024,Under Surveillance
BH/MDB/2024/34/2050,Bihar,Madhubani,Acute Diarrheal Disease,22,0,24-08-2024,24-08-2024,Under Surveillance
CT/BIJ/2024/34/2051,Chhattisgarh,Bijapur,Dengue,9,0,22-08-2024,23-08-2024,Under Surveillance
CT/MSH/2024/34/2052,Chhattisgarh,Mahasamund,Acute Diarrheal Disease,48,0,24-08-2024,25-08-2024,Under Control
CT/RIP/2024/34/2053,Chhattisgarh,Raipur,Acute Diarrheal Disease,31,0,24-08-2024,24-08-2024,Under Surveillance
HR/YMN/2024/34/2054,Haryana,Yamunanagar,Hepatitis A,127,0,22-08-2024,22-08-2024,Under Control
JK/ANT/2024/34/2055,Jammu and Kashmir,Anantnag,Hepatitis A,21,0,20-08-2024,20-08-2024,Under Surveillance
JK/BRM/2024/34/2056,Jammu and Kashmir,Baramulla,Hepatitis A,20,0,25-08-2024,25-08-2024,Under Surveillance
JK/BRM/2024/34/2057,Jammu and Kashmir,Baramulla,Chickenpox,18,0,20-08-2024,20-08-2024,Under Surveillance
JH/JMT/2024/34/2058,Jharkhand,Jamtara,Acute Diarrheal Disease,39,0,21-08-2024,22-08-2024,Under Surveillance
KN/HVR/2024/34/2059,Karnataka,Haveri,Acute Diarrheal Disease,48,0,23-08-2024,23-08-2024,Under Control
KN/KLB/2024/34/2060,Karnataka,Kalaburagi,Acute Diarrheal Disease,23,0,20-08-2024,21-08-2024,Under Control
KN/RIC/2024/34/2061,Karnataka,Raichur,Dengue,31,0,19-08-2024,20-08-2024,Under Control
KN/RIC/2024/34/2062,Karnataka,Raichur,Acute Diarrheal Disease,14,0,24-08-2024,24-08-2024,Under Control
KN/TUM/2024/34/2063,Karnataka,Tumakuru,Food Poisoning,21,0,19-08-2024,20-08-2024,Under Control
KL/WYN/2024/34/2064,Kerala,Wayanad,Cholera,17,1,20-08-2024,22-08-2024,Under Surveillance
MP/BET/2024/34/2065,Madhya Pradesh,Betul,Acute Diarrheal Disease,77,2,23-08-2024,25-08-2024,Under Surveillance
MP/REW/2024/34/2066,Madhya Pradesh,Rewa,Acute Diarrheal Disease,19,0,23-08-2024,24-08-2024,Under Surveillance
MP/STN/2024/34/2067,Madhya Pradesh,Satna,Acute Diarrheal Disease,32,0,18-08-2024,19-08-2024,Under Surveillance
MP/SEN/2024/34/2068,Madhya Pradesh,Seoni,Acute Diarrheal Disease,40,2,22-08-2024,24-08-2024,Under Surveillance
MP/SHD/2024/34/2069,Madhya Pradesh,Shahdol,Cholera,7,0,21-08-2024,22-08-2024,Under Surveillance
MP/SHE/2024/34/2070,Madhya Pradesh,Sheopur,Acute Diarrheal Disease,105,2,23-08-2024,24-08-2024,Under Surveillance
MP/SHV/2024/34/2071,Madhya Pradesh,Shivpuri,Acute Diarrheal Disease,19,0,19-08-2024,21-08-2024,Under Control
MP/SIN/2024/34/2072,Madhya Pradesh,Singrauli,Acute Diarrheal Disease,26,0,21-08-2024,22-08-2024,Under Surveillance
MP/UMR/2024/34/2073,Madhya Pradesh,Umaria,Acute Diarrheal Disease,16,0,25-08-2024,25-08-2024,Under Control
MH/AMR/2024/34/2074,Maharashtra,Amravati,Food Poisoning,6,1,16-08-2024,20-08-2024,Under Control
MH/ARG/2024/34/2075,Maharashtra,Aurangabad,Food Poisoning,181,0,17-08-2024,19-08-2024,Under Control
AP/KKN/2024/35/2121,Andhra Pradesh,Kakinada,Food Poisoning,106,0,27-08-2024,29-08-2024,Under Surveillance
AS/HOJ/2024/35/2122,Assam,Hojai,Diphtheria,1,1,31-08-2024,31-08-2024,Under Surveillance
AS/LKM/2024/35/2123,Assam,Lakhimpur,Dysentry,30,1,26-08-2024,26-08-2024,Under Surveillance
BH/BXR/2024/35/2124,Bihar,Buxar,Acute Diarrheal Disease,65,0,25-08-2024,26-08-2024,Under Surveillance
BH/GYA/2024/35/2125,Bihar,Gaya,Acute Diarrheal Disease,15,2,29-08-2024,30-08-2024,Under Surveillance
BH/JMI/2024/35/2126,Bihar,Jamui,Acute Diarrheal Disease,11,0,27-08-2024,27-08-2024,Under Surveillance
CT/BOL/2024/35/2127,Chhattisgarh,Balod,Acute Diarrheal Disease,115,0,24-08-2024,27-08-2024,Under Control
CT/BAS/2024/35/2128,Chhattisgarh,Bastar,Acute Diarrheal Disease,97,0,30-08-2024,30-08-2024,Under Surveillance
CT/BMT/2024/35/2129,Chhattisgarh,Bemetara,Acute Diarrheal Disease,66,0,28-08-2024,29-08-2024,Under Control
CT/BJP/2024/35/2130,Chhattisgarh,Bijapur,Measles,6,0,27-08-2024,28-08-2024,Under Surveillance
CT/RIG/2024/35/2131,Chhattisgarh,Raigarh,Acute Diarrheal Disease,58,0,24-08-2024,27-08-2024,Under Surveillance
CT/RJG/2024/35/2132,Chhattisgarh,Rajnandgaon,Acute Diarrheal Disease,47,0,28-08-2024,29-08-2024,Under Control
CT/BLG/2024/35/2133,Chhattisgarh,Sarangarh Bilaigarh,Acute Diarrheal Disease,31,0,28-08-2024,28-08-2024,Under Control
CT/SUK/2024/35/2134,Chhattisgarh,Sukma,Dengue,45,0,28-08-2024,30-08-2024,Under Surveillance
GJ/DOD/2024/35/2135,Gujarat,Dohad,Food Poisoning,29,0,29-08-2024,31-08-2024,Under Surveillance
JK/BRM/2024/35/2136,Jammu and Kashmir,Baramulla,Jaundice,15,0,27-08-2024,28-08-2024,Under Surveillance
JH/PKU/2024/35/2137,Jharkhand,Pakur,Acute Diarrheal Disease,16,0,30-08-2024,30-08-2024,Under Surveillance
JH/WSB/2024/35/2138,Jharkhand,West Singhbhum,Malaria,40,0,30-08-2024,31-08-2024,Under Surveillance
KN/CHM/2024/35/2139,Karnataka,Chamarajanagar,Food Poisoning,33,0,28-08-2024,29-08-2024,Under Surveillance
KN/DAV/2024/35/2140,Karnataka,Davangere,Acute Diarrheal Disease,86,0,29-08-2024,31-08-2024,Under Surveillance
KN/DAV/2024/35/2141,Karnataka,Davangere,Acute Diarrheal Disease,30,0,24-08-2024,26-08-2024,Under Control
KN/HAV/2024/35/2142,Karnataka,Haveri,Acute Diarrheal Disease,50,0,26-08-2024,26-08-2024,Under Control
KN/MND/2024/35/2143,Karnataka,Mandya,Acute Diarrheal Disease,27,1,24-08-2024,27-08-2024,Under Surveillance
KN/TUM/2024/35/2144,Karnataka,Tumakuru,Acute Diarrheal Disease,41,1,26-08-2024,27-08-2024,Under Surveillance
LD/LEH/2024/35/2145,Ladakh,Leh Ladakh,Mumps,49,0,29-08-2024,30-08-2024,Under Surveillance
MP/ASO/2024/35/2146,Madhya Pradesh,Ashoknagar,Acute Diarrheal Disease,42,0,30-08-2024,30-08-2024,Under Surveillance
MP/CHT/2024/35/2147,Madhya Pradesh,Chhatarpur,Acute Diarrheal Disease,4,2,29-08-2024,29-08-2024,Under Surveillance
MP/CHD/2024/35/2148,Madhya Pradesh,Chhindwara,Acute Diarrheal Disease,36,0,28-08-2024,28-08-2024,Under Surveillance
MP/DAT/2024/35/2149,Madhya Pradesh,Datia,Acute Diarrheal Disease,30,0,25-08-2024,26-08-2024,Under Surveillance
MP/HRD/2024/35/2150,Madhya Pradesh,Harda,Dengue,43,0,28-08-2024,28-08-2024,Under Surveillance
MP/MOR/2024/35/2151,Madhya Pradesh,Morena,Fever of Unknown Origin,17,0,29-08-2024,30-08-2024,Under Surveillance
MP/RIS/2024/35/2152,Madhya Pradesh,Raisen,Acute Diarrheal Disease,24,0,29-08-2024,30-08-2024,Under Surveillance
MH/BED/2024/35/2153,Maharashtra,Beed,Hepatitis A,9,0,28-08-2024,29-08-2024,Under Surveillance
MH/PLG/2024/35/2154,Maharashtra,Palghar,Malaria,41,0,28-08-2024,29-08-2024,Under Surveillance
AP/ASR/2024/36/2187,Andhra Pradesh,Alluri Sitharama Raju,Food Poisoning,61,0,30-08-2024,02-09-2024,Under Control
AP/NDL/2024/36/2188,Andhra Pradesh,Nandyal,Acute Diarrheal Disease,36,0,02-09-2024,03-09-2024,Under Control
AS/CHR/2024/36/2189,Assam,Cachar,Chickenpox,8,0,06-09-2024,06-09-2024,Under Surveillance
BH/ARL/2024/36/2190,Bihar,Arwal,Acute Diarrheal Disease,7,2,01-09-2024,07-09-2024,Under Surveillance
CT/BJP/2024/36/2191,Chhattisgarh,Bijapur,Measles,9,0,04-09-2024,04-09-2024,Under Surveillance
CT/DHM/2024/36/2192,Chhattisgarh,Dhamtari,Acute Diarrheal Disease,26,0,04-09-2024,05-09-2024,Under Control
CT/MUG/2024/36/2193,Chhattisgarh,Mungeli,Acute Diarrheal Disease,109,0,03-09-2024,03-09-2024,Under Control
CT/RIG/2024/36/2194,Chhattisgarh,Raigarh,Acute Diarrheal Disease,38,0,03-09-2024,03-09-2024,Under Surveillance
GJ/VDD/2024/36/2195,Gujarat,Vadodara,Cholera,29,0,05-09-2024,06-09-2024,Under Control
HR/YMN/2024/36/2196,Haryana,Yamunanagar,Acute Diarrheal Disease,34,0,05-09-2024,05-09-2024,Under Control
JK/BON/2024/36/2197,Jammu and Kashmir,Bandipora,Cholera,23,0,02-09-2024,03-09-2024,Under Surveillance
JK/KTH/2024/36/2198,Jammu and Kashmir,Kathua,Dengue,5,0,05-09-2024,05-09-2024,Under Surveillance
JK/SOP/2024/36/2199,Jammu and Kashmir,Shopian,Hepatitis A,10,0,03-09-2024,04-09-2024,Under Surveillance
JK/SRN/2024/36/2200,Jammu and Kashmir,Srinagar,Hepatitis A,10,0,03-09-2024,03-09-2024,Under Surveillance
JK/UDP/2024/36/2201,Jammu and Kashmir,Udhampur,Cholera,47,0,02-09-2024,04-09-2024,Under Surveillance
JH/GIR/2024/36/2202,Jharkhand,Giridih,Acute Diarrheal Disease,12,1,02-09-2024,02-09-2024,Under Surveillance
JH/GIR/2024/36/2203,Jharkhand,Giridih,Acute Diarrheal Disease,19,1,03-09-2024,03-09-2024,Under Control
KN/UDP/2024/36/2204,Karnataka,Udupi,Cholera,8,0,04-09-2024,05-09-2024,Under Control
KN//UTK2024/36/2205,Karnataka,Uttar Kannad,Acute Diarrheal Disease,91,1,02-09-2024,02-09-2024,Under Surveillance
KL/IDK/2024/36/2206,Kerala,Idukki,Mumps,21,0,02-09-2024,03-09-2024,Under Surveillance
KL/KOZ/2024/36/2207,Kerala,Kozhikode,Hepatitis A,71,0,04-09-2024,06-09-2024,Under Surveillance
KL/KOZ/2024/36/2208,Kerala,Kozhikode,Dengue,20,0,04-09-2024,04-09-2024,Under Surveillance
MP/BRW/2024/36/2209,Madhya Pradesh,Barwani,Acute Diarrheal Disease,27,0,02-09-2024,02-09-2024,Under Control
MP/GUN/2024/36/2210,Madhya Pradesh,Guna,Dengue,18,0,06-09-2024,06-09-2024,Under Surveillance
MP/HRD/2024/36/2211,Madhya Pradesh,Harda,Dengue,10,0,03-09-2024,05-09-2024,Under Control
MP/MND/2024/36/2212,Madhya Pradesh,Mandla,Acute Diarrheal Disease,47,0,05-09-2024,05-09-2024,Under Surveillance
MP/REW/2024/36/2213,Madhya Pradesh,Rewa,Acute Diarrheal Disease,10,0,03-09-2024,03-09-2024,Under Surveillance
MP/REW/2024/36/2214,Madhya Pradesh,Rewa,Acute Diarrheal Disease,8,0,01-09-2024,02-09-2024,Under Control
MP/STN/2024/36/2215,Madhya Pradesh,Satna,Acute Diarrheal Disease,31,2,06-09-2024,06-09-2024,Under Surveillance
MP/STN/2024/36/2216,Madhya Pradesh,Satna,Acute Diarrheal Disease,24,0,05-09-2024,05-09-2024,Under Surveillance
MP/SJP/2024/36/2217,Madhya Pradesh,Shajapur,Dengue,6,0,04-09-2024,08-09-2024,Under Surveillance
MP/UMR/2024/36/2218,Madhya Pradesh,Umaria,Acute Diarrheal Disease,8,0,08-09-2024,08-09-2024,Under Surveillance
MP/UMR/2024/36/2219,Madhya Pradesh,Umaria,Acute Diarrheal Disease,7,0,08-09-2024,08-09-2024,Under Surveillance
MP/UMR/2024/36/2220,Madhya Pradesh,Umaria,Acute Diarrheal Disease,6,0,08-09-2024,08-09-2024,Under Surveillance
AP/CTR/2024/37/2255,Andhra Pradesh,Chittoor,Cholera,63,0,15-09-2024,15-09-2024,Under Surveillance
AP/SSS/2024/37/2256,Andhra Pradesh,Sri Sathya Sai,Food Poisoning,64,0,10-09-2024,10-09-2024,Under Surveillance
AS/DHE/2024/37/2257,Assam,Dhemaji,Food Poisoning,120,0,09-09-2024,10-09-2024,Under Surveillance
AS/DHE/2024/37/2258,Assam,Dhemaji,Food Poisoning,189,0,08-09-2024,09-09-2024,Under Surveillance
AS/LKP/2024/37/2259,Assam,Lakhimpur,Food Poisoning,52,0,15-09-2024,15-09-2024,Under Surveillance
BH/ARB/2024/37/2260,Bihar,Aurangabad,Acute Diarrheal Disease,24,0,13-09-2024,14-09-2024,Under Surveillance
BH/BXR/2024/37/2261,Bihar,Buxar,Acute Diarrheal Disease,45,0,11-09-2024,11-09-2024,Under Surveillance
BH/GYA/2024/37/2262,Bihar,Gaya,Acute Diarrheal Disease,15,2,09-09-2024,10-09-2024,Under Surveillance
CT/BLD/2024/37/2263,Chhattisgarh,Balod,Acute Diarrheal Disease,135,0,14-09-2024,15-09-2024,Under Surveillance
CT/DRG/2024/37/2264,Chhattisgarh,Durg,Cholera,50,0,13-09-2024,14-09-2024,Under Surveillance
CT/RG/2024/37/2265,Chhattisgarh,Durg,Cholera,43,0,09-09-2024,13-09-2024,Under Control
CT/SRJ/2024/37/2266,Chhattisgarh,Surguja,Acute Diarrheal Disease,26,0,11-09-2024,11-09-2024,Under Control
GJ/JMN/2024/37/2267,Gujarat,Jamnagar,Cholera,83,0,14-09-2024,14-09-2024,Under Surveillance
JK/ANN/2024/37/2268,Jammu and Kashmir,Anantnag,Hepatitis A,10,0,13-09-2024,13-09-2024,Under Surveillance
JK/BRM/2024/37/2269,Jammu and Kashmir,Baramulla,Chickenpox,50,0,11-09-2024,11-09-2024,Under Surveillance
JK/BRM/2024/37/2270,Jammu and Kashmir,Baramulla,Hepatitis A,11,0,07-09-2024,09-09-2024,Under Surveillance
JK/KUL/2024/37/2271,Jammu and Kashmir,Kulgam,Hepatitis A,28,0,09-09-2024,10-09-2024,Under Surveillance
JK/RMB/2024/37/2272,Jammu and Kashmir,Ramban,Hepatitis A,10,2,09-09-2024,11-09-2024,Under Surveillance
JK/SRN/2024/37/2273,Jammu and Kashmir,Srinagar,Hepatitis A,11,0,09-09-2024,09-09-2024,Under Surveillance
JH/LTH/2024/37/2274,Jharkhand,Latehar,Scrub typhus,40,0,10-09-2024,10-09-2024,Under Surveillance
JH/PKU/2024/37/2275,Jharkhand,Pakur,Acute Diarrheal Disease,12,0,10-09-2024,11-09-2024,Under Surveillance
KN/MYS/2024/37/2276,Karnataka,Mysuru,Acute Diarrheal Disease,90,2,11-09-2024,11-09-2024,Under Control
KN/UDP/2024/37/2277,Karnataka,Udupi,Cholera,5,0,10-09-2024,15-09-2024,Under Surveillance
KL/IDK/2024/37/2278,Kerala,Idukki,Mumps,19,0,10-09-2024,11-09-2024,Under Surveillance
KL/KOZ/2024/37/2279,Kerala,Kozhikode,Hepatitis A,325,0,10-09-2024,10-09-2024,Under Surveillance
KL/KOZ/2024/37/2280,Kerala,Kozhikode,Hepatitis A,27,0,09-09-2024,09-09-2024,Under Surveillance
KL/PLK/2024/37/2281,Kerala,Palakkad,Food Poisoning,71,0,10-09-2024,10-09-2024,Under Control
MP/PNA/2024/37/2282,Madhya Pradesh,Panna,Acute Diarrheal Disease,15,3,12-09-2024,12-09-2024,Under Surveillance
MP/RTL/2024/37/2283,Madhya Pradesh,Ratlam,Dengue,26,0,10-09-2024,11-09-2024,Under Surveillance
MH/AMR/2024/37/2284,Maharashtra,Amravati,Acute Diarrheal Disease,67,2,11-09-2024,12-09-2024,Under Surveillance
MH/BHD/2024/37/2285,Maharashtra,Bhandara,Acute Diarrheal Disease,20,0,14-09-2024,14-09-2024,Under Surveillance
MH/BUL/2024/37/2286,Maharashtra,Buldhana,Acute Diarrheal Disease,26,0,07-09-2024,10-09-2024,Under Surveillance
MH/NDB/2024/37/2287,Maharashtra,Nandurbar,Acute Diarrheal Disease,16,0,08-09-2024,09-09-2024,Under Surveillance
MN/SEN/2024/37/2288,Manipur,Senapati,Chickenpox,10,0,10-09-2024,10-09-2024,Under Surveillance
AP/NND/2024/38/2313,Andhra Pradesh,Nandyal,Acute Diarrheal Disease,51,0,13-09-2024,17-09-2024,Under Surveillance
AP/VKP/2024/38/2314,Andhra Pradesh,Visakhapatanam,Acute Diarrheal Disease,24,0,14-09-2024,21-09-2024,Under Control
AR/NMS/2024/38/2315,Arunachal Pradesh,Namsai,Measles,2,0,16-09-2024,16-09-2024,Under Surveillance
AS/DAR/2024/38/2316,Assam,Darrang,Food Poisoning,35,0,19-09-2024,20-09-2024,Under Surveillance
AS/LKH/2024/38/2317,Assam,Lakhimpur,Acute Diarrheal Disease,13,0,15-09-2024,16-09-2024,Under Surveillance
BH/JHN/2024/38/2318,Bihar,Jehanabad,Dengue,11,0,17-09-2024,17-09-2024,Under Surveillance
CT/SUR/2024/38/2319,Chhattisgarh,Surajpur,Acute Diarrheal Disease,14,0,18-09-2024,18-09-2024,Under Control
CT/SUR/2024/38/2320,Chhattisgarh,Surguja,Acute Diarrheal Disease,17,0,20-09-2024,20-09-2024,Under Control
GJ/JMN/2024/38/2321,Gujarat,Jamnagar,Food Poisoning,79,0,13-09-2024,18-09-2024,Under Surveillance
GJ/PCM/2024/38/2322,Gujarat,Panchmahals,Hepatitis A,21,0,20-09-2024,20-09-2024,Under Surveillance
HR/KUR/2024/38/2323,Haryana,Kurukshetra,Hepatitis A & E,30,0,17-09-2024,17-09-2024,Under Surveillance
HP/HMP/2024/38/2324,Himachal Pradesh,Hamirpur,Acute Diarrheal Disease,47,0,13-09-2024,16-09-2024,Under Control
JK/ANT/2024/38/2325,Jammu and Kashmir,Anantnag,Hepatitis A,6,0,21-09-2024,21-09-2024,Under Surveillance
JH/GRH/2024/38/2326,Jharkhand,Garhwa,Acute Diarrheal Disease,10,0,18-09-2024,18-09-2024,Under Surveillance
JH/GRH/2024/38/2327,Jharkhand,Giridih,Acute Diarrheal Disease,15,1,18-09-2024,18-09-2024,Under Control
JH/SHB/2024/38/2328,Jharkhand,Sahebganj,Malaria,43,0,13-09-2024,18-09-2024,Under Control
JH/WSI/2024/38/2329,Jharkhand,West Singhbhum,Acute Diarrheal Disease,43,0,19-09-2024,19-09-2024,Under Surveillance
KN/VIJ/2024/38/2330,Karnataka,Vijayapura,Dengue,37,0,17-09-2024,19-09-2024,Under Surveillance
KL/MLP/2024/38/2331,Kerala,Malappuram,Mpox,1,0,16-09-2024,18-09-2024,Under Surveillance
KL/MLP/2024/38/2332,Kerala,Malappuram,Nipah Virus,1,1,15-09-2024,16-09-2024,Under Surveillance
KL/PLK/2024/38/2333,Kerala,Palakkad,Hepatitis A,4,0,20-09-2024,21-09-2024,Under Surveillance
MP/CHD/2024/38/2334,Madhya Pradesh,Chhindwara,Acute Diarrheal Disease,11,0,14-09-2024,16-09-2024,Under Surveillance
MP/DHR/2024/38/2335,Madhya Pradesh,Dhar,Dengue,171,0,17-09-2024,17-09-2024,Under Surveillance
MP/DHR/2024/38/2336,Madhya Pradesh,Dhar,Measles,15,0,17-09-2024,17-09-2024,Under Surveillance
MH/GDC/2024/38/2337,Maharashtra,Gadchiroli,Scrub Typhus,1,1,17-09-2024,17-09-2024,Under Control
MH/LAT/2024/38/2338,Maharashtra,Latur,Hepatitis A,65,0,18-09-2024,18-09-2024,Under Surveillance
MH/PNE/2024/38/2339,Maharashtra,Pune,Cholera,6,0,16-09-2024,19-09-2024,Under Surveillance
OR/BRG/2024/38/2340,Odisha,Bargarh,Scrub Typhus,27,0,13-09-2024,17-09-2024,Under Surveillance
OR/BRG/2024/38/2341,Odisha,Bargarh,Acute Diarrheal Disease,54,0,18-09-2024,18-09-2024,Under Control
OR/BRG/2024/38/2342,Odisha,Bargarh,Acute Diarrheal Disease,1,0,16-09-2024,17-09-2024,Under Control
OR/GJM/2024/38/2343,Odisha,Ganjam,Acute Diarrheal Disease,35,0,16-09-2024,18-09-2024,Under Surveillance
OR/GJM/2024/38/2344,Odisha,Ganjam,Hepatitis A,13,0,14-09-2024,16-09-2024,Under Surveillance
OR/KOP/2024/38/2345,Odisha,Koraput,Acute Diarrheal Disease,35,0,15-09-2024,18-09-2024,Under Control
OR/KOP/2024/38/2346,Odisha,Koraput,Acute Diarrheal Disease,1,0,16-09-2024,17-09-2024,Under Surveillance
AP/CHT/2024/39/2369,Andhra Pradesh,Chittoor,Cholera,28,0,24-09-2024,27-09-2024,Under Surveillance
AP/VIZ/2024/39/2370,Andhra Pradesh,Vizianagaram,Cholera,17,0,23-09-2024,27-09-2024,Under Surveillance
AS/JOH/2024/39/2371,Assam,Jorhat,Acute Diarrheal Disease,153,0,27-09-2024,27-09-2024,Under Surveillance
BH/AUR/2024/39/2372,Bihar,Aurangabad,Acute Diarrheal Disease,22,0,20-09-2024,23-09-2024,Under Surveillance
BH/JAM/2024/39/2373,Bihar,Jamui,Acute Diarrheal Disease,82,0,22-09-2024,23-09-2024,Under Surveillance
CT/BAD/2024/39/2374,Chhattisgarh,Balod,Acute Diarrheal Disease,79,0,22-09-2024,23-09-2024,Under Control
CT/BAL/2024/39/2375,Chhattisgarh,Baloda Bazar,Acute Diarrheal Disease,32,0,24-09-2024,24-09-2024,Under Control
CT/BEM/2024/39/2376,Chhattisgarh,Bemetara,Acute Diarrheal Disease,31,0,24-09-2024,24-09-2024,Under Surveillance
CT/JAS/2024/39/2377,Chhattisgarh,Jashpur,Food Poisoning,24,0,21-09-2024,23-09-2024,Under Surveillance
CT/MUN/2024/39/2378,Chhattisgarh,Mungeli,Acute Diarrheal Disease,47,0,23-09-2024,25-09-2024,Under Control
GJ/BRA/2024/39/2379,Gujarat,Bharuch,Cholera,17,0,23-09-2024,23-09-2024,Under Surveillance
GJ/MHE/2024/39/2380,Gujarat,Mahesana,Hepatitis A,13,0,28-09-2024,28-09-2024,Under Surveillance
JK/KUP/2024/39/2381,Jammu and Kashmir,Kupwara,Cholera,59,0,25-09-2024,25-09-2024,Under Surveillance
JK/SHP/2024/39/2382,Jammu and Kashmir,Shopian,Hepatitis A,20,0,25-09-2024,27-09-2024,Under Surveillance
JK/SIM/2024/39/2383,Jharkhand,Simdega,Malaria,7,0,28-09-2024,28-09-2024,Under Surveillance
KN/RIC/2024/39/2384,Karnataka,Raichur,Food Poisoning,14,0,24-09-2024,25-09-2024,Under Control
KL/ERN/2024/39/2385,Kerala,Ernakulam,Mpox,1,0,25-09-2024,28-09-2024,Under Surveillance
KL/KAS/2024/39/2386,Kerala,Kasaragod,Leptospirosis,11,2,22-09-2024,24-09-2024,Under Surveillance
KL/KOZ/2024/39/2387,Kerala,Kozhikode,Hepatitis A,37,0,28-09-2024,28-09-2024,Under Surveillance
KL/MLP/2024/39/2388,Kerala,Malappuram,Hepatitis A,14,0,25-09-2024,27-09-2024,Under Surveillance
KL/PLK/2024/39/2389,Kerala,Palakkad,Acute Diarrheal Disease,23,0,26-09-2024,28-09-2024,Under Surveillance
MP/ENM/2024/39/2390,Madhya Pradesh,East Nimar,Chikungunya,21,0,25-09-2024,25-09-2024,Under Surveillance
MP/JHB/2024/39/2391,Madhya Pradesh,Jhabua,Dengue,12,0,23-09-2024,23-09-2024,Under Surveillance
MP/REW/2024/39/2392,Madhya Pradesh,Rewa,Acute Diarrheal Disease,36,0,29-09-2024,29-09-2024,Under Surveillance
MH/BED/2024/39/2393,Maharashtra,Beed,Hepatitis A,10,0,21-09-2024,23-09-2024,Under Surveillance
MH/BND/2024/39/2394,Maharashtra,Bhandara,Food Poisoning,42,0,26-09-2024,26-09-2024,Under Surveillance
MH/KOP/2024/39/2395,Maharashtra,Kolhapur,Hepatitis A,12,0,27-09-2024,27-09-2024,Under Surveillance
MH/NND/2024/39/2396,Maharashtra,Nanded,Acute Diarrheal Disease,26,0,28-09-2024,28-09-2024,Under Surveillance
MH/WAS/2024/39/2397,Maharashtra,Washim,Chikungunya,9,0,26-09-2024,27-09-2024,Under Surveillance
OR/BAL/2024/39/2398,Odisha,Balangir,Acute Diarrheal Disease,81,0,22-09-2024,24-09-2024,Under Surveillance
OR/SON/2024/39/2399,Odisha,Sonepur,Acute Diarrheal Disease,30,0,26-09-2024,27-09-2024,Under Surveillance
PB/FAZ/2024/39/2400,Punjab,Fazilka,Mumps,24,0,26-09-2024,27-09-2024,Under Surveillance
TN/CUD/2024/39/2401,Tamil Nadu,Cuddalore,Dengue,12,0,27-09-2024,29-09-2024,Under Surveillance
TN/MAY/2024/39/2402,Tamil Nadu,Mayiladuthurai,Mumps,6,0,25-09-2024,26-09-2024,Under Surveillance
AP/NAD/2024/40/2414,Andhra Pradesh,Nandyal,Food Poisoning,13,0,04-10-2024,04-10-2024,Under Surveillance
AP/YSR/2024/40/2415,Andhra Pradesh,Y. S. Rajasekhara Reddy,Acute Diarrheal Disease,32,0,03-10-2024,03-10-2024,Under Control
AS/CHR/2024/40/2416,Assam,Charaideo,Acute Diarrheal Disease,11,1,04-10-2024,05-10-2024,Under Surveillance
AS/JOR/2024/40/2417,Assam,Jorhat,Acute Diarrheal Disease,175,1,04-10-2024,04-10-2024,Under Surveillance
AS/LKM/2024/40/2418,Assam,Lakhimpur,Acute Diarrheal Disease,21,0,05-10-2024,05-10-2024,Under Surveillance
AS/LKM/2024/40/2419,Assam,Lakhimpur,Dengue,27,0,01-10-2024,01-10-2024,Under Surveillance
BH/PCH/2024/40/2420,Bihar,Pashchim Champaran,Food Poisoning,30,0,28-09-2024,30-09-2024,Under Surveillance
CT/BLD/2024/40/2421,Chhattisgarh,Balod,Acute Diarrheal Disease,82,0,29-09-2024,30-09-2024,Under Control
CT/BDB/2024/40/2422,Chhattisgarh,Baloda Bazar,Acute Gastroenteritis,33,0,30-09-2024,01-10-2024,Under Control
CT/B.JP/2024/40/2423,Chhattisgarh,Bijapur,Dengue,17,0,03-10-2024,03-10-2024,Under Surveillance
CT/BJP/2024/40/2424,Chhattisgarh,Bijapur,Chikungunya,4,0,01-10-2024,01-10-2024,Under Surveillance
CT/KNK/2024/40/2425,Chhattisgarh,Kanker,Acute Diarrheal Disease,25,0,01-10-2024,05-10-2024,Under Surveillance
CT/MAH/2024/40/2426,Chhattisgarh,Mahasamund,Acute Diarrheal Disease,15,0,03-10-2024,03-10-2024,Under Surveillance
CT/MAH/2024/40/2427,Chhattisgarh,Mahasamund,Acute Diarrheal Disease,16,0,02-10-2024,03-10-2024,Under Surveillance
CT/MUG/2024/40/2428,Chhattisgarh,Mungeli,Acute Diarrheal Disease,20,0,02-10-2024,03-10-2024,Under Control
CT/RAJ/2024/40/2429,Chhattisgarh,Rajnandgaon,Acute Diarrheal Disease,16,0,02-10-2024,04-10-2024,Under Surveillance
CT/RAJ/2024/40/2430,Chhattisgarh,Rajnandgaon,Acute Diarrheal Disease,12,0,01-10-2024,04-10-2024,Under Control
GO/NRG/2024/40/2431,Goa,North Goa,Acute Diarrheal Disease,6,1,04-10-2024,04-10-2024,Under Surveillance
GJ/AMR/2024/40/2432,Gujarat,Amreli,Food Poisoning,47,0,01-10-2024,01-10-2024,Under Control
GJ/DBD/2024/40/2433,Gujarat,Devbhumi Dwarka,Food Poisoning,12,0,02-10-2024,03-10-2024,Under Surveillance
GJ/KCH/2024/40/2434,Gujarat,Kachchh,Acute Diarrheal Disease,10,0,04-10-2024,05-10-2024,Under Control
HR/KRN/2024/40/2435,Haryana,Karnal,Acute Diarrheal Disease,43,0,30-09-2024,30-09-2024,Under Control
JK/ANT/2024/40/2436,Jammu and Kashmir,Anantnag,Hepatitis A,8,0,28-09-2024,01-10-2024,Under Control
JK/SHP/2024/40/2437,Jammu and Kashmir,Shopian,Hepatitis A,10,0,30-09-2024,30-09-2024,Under Surveillance
JK/SHP/2024/40/2438,Jammu and Kashmir,Shopian,Hepatitis A,8,0,30-09-2024,30-09-2024,Under Control
JH/GOD/2024/40/2439,Jharkhand,Godda,Acute Diarrheal Disease,12,0,04-10-2024,04-10-2024,Under Surveillance
KN/BGR/2024/40/2440,Karnataka,Bengaluru Rural,Food Poisoning,17,0,03-10-2024,03-10-2024,Under Control
KN/GUL/2024/40/2441,Karnataka,Kalaburagi,Acute Diarrheal Disease,89,0,30-09-2024,30-09-2024,Under Control
KN/UDP/2024/40/2442,Karnataka,Udupi,Dysentery,35,0,30-09-2024,03-10-2024,Under Control
KL/ERN/2024/40/2443,Kerala,Ernakulam,Hepatitis A,4,0,30-09-2024,03-10-2024,Under Surveillance
KL/THI/2024/40/2444,Kerala,Thiruvananthapuram,Mumps,16,0,03-10-2024,04-10-2024,Under Surveillance
KL/TRC/2024/40/2445,Kerala,Thrissur,Mumps,18,0,27-09-2024,03-10-2024,Under Surveillance
MP/CHD/2024/40/2446,Madhya Pradesh,Chhindwara,Acute Diarrheal Disease,66,0,03-10-2024,03-10-2024,Under Surveillance
MP/ENI/2024/40/2447,Madhya Pradesh,East Nimar,Acute Diarrheal Disease,12,0,03-10-2024,03-10-2024,Under Surveillance
AN/SAD/2024/41/2472,Andaman & Nicobar Islands,South Andamans,Fever with Rash,8,0,07-10-2024,07-10-2024,Under Control
AP/VIZ/2024/41/2473,Andhra Pradesh,Vizianagaram,Acute Diarrheal Disease,11,0,03-10-2024,10-10-2024,Under Surveillance
AS/JRH/2024/41/2474,Assam,Jorhat,Acute Diarrheal Disease,14,0,08-10-2024,11-10-2024,Under Surveillance
GJ/SRD/2024/41/2475,Gujarat,Surendranagar,Food Poisoning,42,0,10-10-2024,11-10-2024,Under Control
HR/KRK/2024/41/2476,Haryana,Kurukshetra,Acute Diarrheal Disease,30,0,08-10-2024,08-10-2024,Under Surveillance
JK/BON/2024/41/2477,Jammu and Kashmir,Bandipora,Jaundice,17,0,11-10-2024,11-10-2024,Under Surveillance
JK/PUL/2024/41/2478,Jammu and Kashmir,Pulwama,Hepatitis A,18,0,04-10-2024,07-10-2024,Under Surveillance
JK/SHO/2024/41/2479,Jammu and Kashmir,Shopian,Hepatitis A,12,0,10-10-2024,10-10-2024,Under Surveillance
JH/ESB/2024/41/2480,Jharkhand,East Singhbum,Acute Diarrheal Disease,16,0,09-10-2024,10-10-2024,Under Surveillance
JH/LAT/2024/41/2481,Jharkhand,Latehar,Food Poisoning,67,0,07-10-2024,07-10-2024,Under Surveillance
KN/RAC/2024/41/2482,Karnataka,Raichur,Food Poisoning,17,0,09-10-2024,10-10-2024,Under Control
KL/IDK/2024/41/2483,Kerala,Idukki,Food Poisoning,16,0,07-10-2024,08-10-2024,Under Surveillance
KL/THI/2024/41/2484,Kerala,Thiruvananthapuram,Food Poisoning,101,0,13-10-2024,13-10-2024,Under Surveillance
KL/THI/2024/41/2485,Kerala,Thiruvananthapuram,Food Poisoning,70,0,06-10-2024,07-10-2024,Under Control
KL/TRC/2024/41/2486,Kerala,Thrissur,Food Poisoning,172,0,10-10-2024,11-10-2024,Under Surveillance
MP/CHT/2024/41/2487,Madhya Pradesh,Chhatarpur,Mumps,15,0,10-10-2024,10-10-2024,Under Surveillance
MP/IND/2024/41/2488,Madhya Pradesh,Indore,Dengue,101,0,07-10-2024,11-10-2024,Under Surveillance
MP/KHG/2024/41/2489,Madhya Pradesh,Khargone,Acute Diarrheal Disease,27,0,11-10-2024,11-10-2024,Under Surveillance
MP/SHE/2024/41/2490,Madhya Pradesh,Sheopur,Acute Diarrheal Disease,19,0,12-10-2024,13-10-2024,Under Surveillance
MH/BUL/2024/41/2491,Maharashtra,Buldhana,Acute Diarrheal Disease,170,0,06-10-2024,07-10-2024,Under Control
MH/NAG/2024/41/2492,Maharashtra,Nagpur,Acute Diarrheal Disease,136,0,11-10-2024,11-10-2024,Under Surveillance
MH/PRB/2024/41/2493,Maharashtra,Parbhani,Acute Diarrheal Disease,30,0,05-10-2024,07-10-2024,Under Control
MH/PNE/2024/41/2494,Maharashtra,Pune,Acute Diarrheal Disease,28,0,10-10-2024,11-10-2024,Under Surveillance
MG/EKH/2024/41/2495,Meghalaya,Eastern West Khasi Hills,Measles,35,0,10-09-2024,10-10-2024,Under Surveillance
OR/BHD/2024/41/2496,Odisha,Bhadrak,Hepatitis A,3,0,07-10-2024,07-10-2024,Under Surveillance
OR/KHD/2024/41/2497,Odisha,Khordha,Hepatitis A,6,0,08-10-2024,09-10-2024,Under Surveillance
OR/PUR/2024/41/2498,Odisha,Puri,Food Poisoning,20,0,12-10-2024,13-10-2024,Under Control
RJ/JOD/2024/41/2499,Rajasthan,Jodhpur,CCHF,1,1,09-10-2024,11-10-2024,Under Surveillance
TN/MAD/2024/41/2500,Tamil Nadu,Madurai,Leptospirosis,21,0,07-10-2024,07-10-2024,Under Surveillance
UP/BJN/2024/41/2501,Uttar Pradesh,Bijnor,Food Poisoning,112,0,04-10-2024,10-10-2024,Under Control
UP/FAT/2024/41/2502,Uttar Pradesh,Fatehpur,Acute Diarrheal Disease,36,0,06-10-2024,07-10-2024,Under Control
UP/JAL/2024/41/2503,Uttar Pradesh,Jalaun,Food Poisoning,31,0,08-10-2024,10-10-2024,Under Surveillance
UP/LKW/2024/41/2504,Uttar Pradesh,Lucknow,Acute Diarrheal Disease,15,0,06-10-2024,07-10-2024,Under Surveillance
WB/PRL/2024/41/2505,West Bengal,Purulia,Acute Diarrheal Disease,19,0,06-10-2024,07-10-2024,Under Surveillance
AS/BPT/2024/42/2509,Assam,Barpeta,Diphtheria,1,1,17-10-2024,19-10-2024,Under Control
AS/CHR/2024/42/2510,Assam,Charaideo,Japanese Encephalitis,1,1,20-10-2024,20-10-2024,Under Control
AS/GOL/2024/42/2511,Assam,Golaghat,Food Poisoning,164,0,20-10-2024,20-10-2024,Under Control
AS/JRH/2024/42/2512,Assam,Jorhat,Acute Gastroenteritis,30,1,16-10-2024,16-10-2024,Under Control
AS/MRG/2024/42/2513,Assam,Marigaon,Food Poisoning,10,0,11-10-2024,15-10-2024,Under Control
BH/BHJ/2024/42/2514,Bihar,Bhojpur,Acute Diarrheal Disease,11,0,15-10-2024,15-10-2024,Under Surveillance
BH/GYA/2024/42/2515,Bihar,Gaya,Acute Diarrheal Disease,22,1,14-10-2024,14-10-2024,Under Surveillance
CT/BMT/2024/42/2516,Chhattisgarh,Bemetara,Acute Diarrheal Disease,113,0,16-10-2024,16-10-2024,Under Surveillance
CT/KNK/2024/42/2517,Chhattisgarh,Kanker,Mumps,12,0,16-10-2024,17-10-2024,Under Surveillance
CT/SUK/2024/42/2518,Chhattisgarh,Sukma,Acute Diarrheal Disease,82,7,16-10-2024,17-10-2024,Under Surveillance
GJ/BVN/2024/42/2519,Gujarat,Bhavnagar,Food Poisoning,25,0,16-10-2024,18-10-2024,Under Control
GJ/SUR/2024/42/2520,Gujarat,Surat,Acute Diarrheal Disease,44,0,16-10-2024,17-10-2024,Under Control
GJ/SUR/2024/42/2521,Gujarat,Surendranagar,Food Poisoning,204,0,17-10-2024,18-10-2024,Under Control
GJ/SUR/2024/42/2522,Gujarat,Surendranagar,Food Poisoning,57,0,14-10-2024,15-10-2024,Under Control
GJ/VAL/2024/42/2523,Gujarat,Valsad,Food Poisoning,4,1,18-10-2024,19-10-2024,Under Control
GJ/VAL/2024/42/2524,Gujarat,Valsad,Acute Diarrheal Disease,6,0,14-10-2024,15-10-2024,Under Control
JK/BRM/2024/42/2525,Jammu and Kashmir,Baramulla,Chickenpox,17,0,16-10-2024,18-10-2024,Under Control
JK/KUL/2024/42/2526,Jammu and Kashmir,Kulgam,Hepatitis A,18,0,19-10-2024,19-10-2024,Under Control
JH/DEO/2024/42/2527,Jharkhand,Deoghar,Scrub Typhus,5,0,16-10-2024,17-10-2024,Under Surveillance
JH/GRW/2024/42/2528,Jharkhand,Garhwa,Acute Diarrheal Disease,21,2,14-10-2024,14-10-2024,Under Control
JH/GOD/2024/42/2529,Jharkhand,Godda,Acute Diarrheal Disease,7,0,19-10-2024,19-10-2024,Under Surveillance
JH/SRK/2024/42/2530,Jharkhand,Saraikela Kharsawan,Acute Diarrheal Disease,10,0,14-10-2024,14-10-2024,Under Control
JH/WSB/2024/42/2531,Jharkhand,West Singhbhum,Acute Diarrheal Disease,17,0,19-10-2024,19-10-2024,Under Control
KN/RIC/2024/42/2532,Karnataka,Raichur,Acute Diarrheal Disease,21,0,19-10-2024,20-10-2024,Under Control
KL/ALP/2024/42/2533,Kerala,Alappuzha,Hepatitis A,16,0,16-10-2024,17-10-2024,Under Surveillance
KL/ALP/2024/42/2534,Kerala,Alappuzha,Acute Diarrheal Disease,66,0,15-10-2024,17-10-2024,Under Surveillance
KL/ERN/2024/42/2535,Kerala,Ernakulam,Hepatitis A,5,0,17-10-2024,18-10-2024,Under Control
KL/ERN/2024/42/2536,Kerala,Ernakulam,Dengue,12,0,14-10-2024,17-10-2024,Under Surveillance
KL/ERN/2024/42/2537,Kerala,Ernakulam,Hepatitis A,31,0,14-10-2024,17-10-2024,Under Surveillance
KL/ERN/2024/42/2538,Kerala,Ernakulam,Acute Diarrheal Disease,32,0,16-10-2024,17-10-2024,Under Control
KL/IDK/2024/42/2539,Kerala,Idukki,Mumps,20,0,16-10-2024,18-10-2024,Under Surveillance
KL/KOZ/2024/42/2540,Kerala,Kozhikode,Hepatitis A,47,0,18-10-2024,18-10-2024,Under Surveillance
KL/KOZ/2024/42/2541,Kerala,Kozhikode,Hepatitis A,26,0,14-10-2024,15-10-2024,Under Surveillance
KL/MLP/2024/42/2542,Kerala,Malappuram,Hepatitis A,40,0,14-10-2024,15-10-2024,Under Surveillance
Unique ID,State/UT,District,Disease/Illness,Cases,Deaths,Start Date,Reporting Date,Status
AP/PLN/2024/43/2592,Andhra Pradesh,Palnadu,Acute Diarrheal Disease,15,0,24-10-2024,25-10-2024,Under Surveillance
AS/JHT/2024/43/2593,Assam,Jorhat,Shigellosis,12,0,23-10-2024,23-10-2024,Under Surveillance
AS/JHT/2024/43/2594,Assam,Jorhat,Acute Diarrheal Disease,12,0,18-10-2024,21-10-2024,Under Control
CT/KNK/2024/43/2595,Chhattisgarh,Kanker,Mumps,10,0,19-10-2024,21-10-2024,Under Surveillance
CT/MAH/2024/43/2596,Chhattisgarh,Mahasamund,Acute Diarrheal Disease,63,0,23-10-2024,25-10-2024,Under Control
GJ/BHR/2024/43/2597,Gujarat,Bharuch,Jaundice,55,0,23-10-2024,24-10-2024,Under Surveillance
GJ/NAR/2024/43/2598,Gujarat,Narmada,Measles,12,0,25-10-2024,25-10-2024,Under Surveillance
JK/KUL/2024/43/2599,Jammu and Kashmir,Kulgam,Hepatitis A,9,0,24-10-2024,25-10-2024,Under Surveillance
JH/DMK/2024/43/2600,Jharkhand,Dumka,Acute Diarrheal Disease,11,0,20-10-2024,21-10-2024,Under Surveillance
JH/ESB/2024/43/2601,Jharkhand,East Singhbum,Acute Diarrheal Disease,4,2,23-10-2024,24-10-2024,Under Control
JH/KOD/2024/43/2602,Jharkhand,Koderma,Acute Diarrheal Disease,26,0,21-10-2024,21-10-2024,Under Surveillance
JH/SIM/2024/43/2603,Jharkhand,Simdega,Malaria,32,0,24-10-2024,24-10-2024,Under Surveillance
JH/SIM/2024/43/2604,Jharkhand,Simdega,Mumps,23,0,21-10-2024,21-10-2024,Under Surveillance
KN/BAL/2024/43/2605,Karnataka,Ballari,Measles,11,0,22-10-2024,22-10-2024,Under Surveillance
KN/DHW/2024/43/2606,Karnataka,Dharwad,Acute Diarrheal Disease,94,0,24-10-2024,25-10-2024,Under Surveillance
KN/HAS/2024/43/2607,Karnataka,Hassan,Acute Diarrheal Disease,27,0,23-10-2024,24-10-2024,Under Surveillance
KN/TMK/2024/43/2608,Karnataka,Tumakuru,Acute Diarrheal Disease,22,0,23-10-2024,23-10-2024,Under Surveillance
KN/VIJ/2024/43/2609,Karnataka,Vijayanagar,Chikungunya,73,0,23-10-2024,26-10-2024,Under Surveillance
KN/VIJ/2024/43/2610,Karnataka,Vijayanagar,Leptospirosis,15,0,19-10-2024,24-10-2024,Under Surveillance
KL/KTM/2024/43/2611,Kerala,Kottayam,Mumps,65,0,24-10-2024,24-10-2024,Under Surveillance
KL/KOZ/2024/43/2612,Kerala,Kozhikode,Hepatitis A,28,0,21-10-2024,22-10-2024,Under Surveillance
KL/PLK/2024/43/2613,Kerala,Palakkad,Mumps,41,0,25-10-2024,25-10-2024,Under Surveillance
KL/THR/2024/43/2614,Kerala,Thiruvananthapuram,Mumps,77,0,20-10-2024,24-10-2024,Under Surveillance
MP/ENM/2024/43/2615,Madhya Pradesh,East Nimar,Chikungunya,129,0,22-10-2024,22-10-2024,Under Surveillance
MP/GNA/2024/43/2616,Madhya Pradesh,Guna,Acute Diarrheal Disease,36,0,24-10-2024,25-10-2024,Under Surveillance
MP/SIN/2024/43/2617,Madhya Pradesh,Singrauli,Typhoid,28,0,22-10-2024,25-10-2024,Under Surveillance
MH/AHM/2024/43/2618,Maharashtra,Ahmednagar,Acute Diarrheal Disease,129,0,20-10-2024,22-10-2024,Under Control
MN/NOY/2024/43/2619,Manipur,Noney,Food Poisoning,26,1,23-09-2024,23-10-2024,Under Control
OR/KHR/2024/43/2620,Odisha,Khordha,Hepatitis A,12,0,24-10-2024,25-10-2024,Under Surveillance
OR/MYB/2024/43/2621,Odisha,Mayurbhanj,Acute Diarrheal Disease,11,0,24-10-2024,24-10-2024,Under Control
TN/KNC/2024/43/2622,Tamil Nadu,Kanchipuram,Acute Diarrheal Disease,13,0,19-10-2024,21-10-2024,Under Control
TN/VIR/2024/43/2623,Tamil Nadu,Virudhunagar,Mumps,25,0,21-10-2024,21-10-2024,Under Surveillance
TL/SYP/2024/43/2624,Telangana,Suryapet,Acute Diarrheal Disease,48,0,20-10-2024,26-10-2024,Under Control
UP/HPR/2024/43/2625,Uttar Pradesh,Hapur,Dengue,8,0,19-10-2024,23-10-2024,Under Surveillance
UP/RBR/2024/43/2626,Uttar Pradesh,Rae Bareli,Acute Diarrheal Disease,55,1,20-10-2024,23-10-2024,Under Surveillance
WB/PRL/2024/43/2627,West Bengal,Purulia,Acute Diarrheal Disease,15,0,24-10-2024,24-10-2024,Under Control
AS/GLP/2024/44/2638,Assam,Goalpara,Dengue,29,0,29-10-2024,30-10-2024,Under Surveillance
AS/GLP/2024/44/2639,Assam,Goalpara,Dengue,28,0,28-10-2024,29-10-2024,Under Surveillance
AS/NLB/2024/44/2640,Assam,Nalbari,Measles,3,0,28-10-2024,29-10-2024,Under Surveillance
BH/KIS/2024/44/2641,Bihar,Kishanganj,Acute Encephalitic Syndrome,4,4,02-11-2024,02-11-2024,Under Surveillance
CT/RAP/2024/44/2642,Chhattisgarh,Raipur,Acute Diarrheal Disease,30,0,26-10-2024,28-10-2024,Under Control
HR/NUH/2024/44/2643,Haryana,Nuh,Diphtheria,3,0,28-10-2024,29-10-2024,Under Control
JK/SRN/2024/44/2644,Jammu and Kashmir,Srinagar,Hepatitis A,13,0,31-10-2024,02-11-2024,Under Surveillance
JH/BKO/2024/44/2645,Jharkhand,Bokaro,Acute Diarrheal Disease,20,0,01-11-2024,03-11-2024,Under Control
JH/ESB/2024/44/2646,Jharkhand,East Singhbum,Acute Diarrheal Disease,9,0,31-10-2024,01-11-2024,Under Control
JH/ESB/2024/44/2647,Jharkhand,East Singhbum,Acute Diarrheal Disease,45,1,27-10-2024,28-10-2024,Under Control
KN/KLB/2024/44/2648,Karnataka,Kalaburagi,Cholera,85,0,30-10-2024,31-10-2024,Under Control
KN/VJN/2024/44/2649,Karnataka,Vijayanagar,Acute Diarrheal Disease,13,0,29-10-2024,30-10-2024,Under Surveillance
KL/ERN/2024/44/2650,Kerala,Ernakulam,Mumps,7,0,29-10-2024,01-11-2024,Under Surveillance
KL/ERN/2024/44/2651,Kerala,Ernakulam,Hepatitis A,6,0,28-10-2024,29-10-2024,Under Surveillance
KL/ERN/2024/44/2652,Kerala,Ernakulam,Mumps,8,0,26-10-2024,29-10-2024,Under Control
KL/PLK/2024/44/2653,Kerala,Palakkad,Mumps,26,0,28-10-2024,28-10-2024,Under Surveillance
KL/PTM/2024/44/2654,Kerala,Pathanamthitta,Acute Diarrheal Disease,30,0,01-11-2024,01-11-2024,Under Control
MP/MOR/2024/44/2655,Madhya Pradesh,Morena,Dengue,41,0,31-10-2024,02-11-2024,Under Surveillance
MP/RTL/2024/44/2656,Madhya Pradesh,Ratlam,Cholera,28,2,27-10-2024,28-10-2024,Under Control
MP/REW/2024/44/2657,Madhya Pradesh,Rewa,Dengue,109,0,28-10-2024,28-10-2024,Under Surveillance
MP/UJN/2024/44/2658,Madhya Pradesh,Ujjain,Acute Diarrheal Disease,5,0,01-11-2024,01-11-2024,Under Control
MH/PLG/2024/44/2659,Maharashtra,Palghar,Dengue,22,1,29-10-2024,30-10-2024,Under Surveillance
MH/THN/2024/44/2660,Maharashtra,Thane,Acute Diarrheal Disease,97,0,28-10-2024,31-10-2024,Under Surveillance
MZ/AZW/2024/44/2661,Mizoram,Aizawl,Dengue,157,0,29-10-2024,29-10-2024,Under Control
OR/BAL/2024/44/2662,Odisha,Balangir,Acute Diarrheal Disease,12,0,30-10-2024,30-10-2024,Under Control
OR/BRG/2024/44/2663,Odisha,Bargarh,Acute Diarrheal Disease,19,0,31-10-2024,31-10-2024,Under Control
OR/DEO/2024/44/2664,Odisha,Deogarh,Acute Diarrheal Disease,6,2,02-11-2024,02-11-2024,Under Control
OR/MYB/2024/44/2665,Odisha,Mayurbhanj,Acute Diarrheal Disease,12,0,30-10-2024,30-10-2024,Under Control
OR/PUR/2024/44/2666,Odisha,Puri,Hepatitis A,12,0,01-11-2024,01-11-2024,Under Surveillance
TN/ERD/2024/44/2667,Tamil Nadu,Erode,Mumps,6,0,30-10-2024,02-11-2024,Under Surveillance
TN/VIL/2024/44/2668,Tamil Nadu,Villupuram,Mumps,8,0,01-11-2024,02-11-2024,Under Surveillance
TL/ASF/2024/44/2669,Telangana,Kumuram Bheem Asifabad,Acute Diarrheal Disease,63,0,01-11-2024,02-11-2024,Under Control
UP/FRU/2024/44/2670,Uttar Pradesh,Farrukhabad,Fever with Rash,8,0,28-10-2024,30-10-2024,Under Surveillance
UP/GON/2024/44/2671,Uttar Pradesh,Gonda,Food Poisoning,72,0,28-10-2024,29-10-2024,Under Control
AP/VIZ/2024/45/2682,Andhra Pradesh,Vizianagaram,Cholera,31,0,29-10-2024,04-11-2024,Under Control
AS/CHR/2024/45/2683,Assam,Charaideo,Dengue,56,1,10-11-2024,10-11-2024,Under Surveillance
AS/DIB/2024/45/2684,Assam,Dibrugarh,Shigellosis,50,0,06-11-2024,07-11-2024,Under Surveillance
AS/GLG/2024/45/2685,Assam,Golaghat,Food Poisoning,19,0,10-11-2024,10-11-2024,Under Surveillance
AS/JRH/2024/45/2686,Assam,Jorhat,Cholera,10,0,05-11-2024,05-11-2024,Under Control
AS/JRH/2024/45/2687,Assam,Jorhat,Cholera,10,0,30-10-2024,04-11-2024,Under Control
CT/BJP/2024/45/2688,Chhattisgarh,Bijapur,Japanese Encephalitis,5,0,06-11-2024,06-11-2024,Under Surveillance
GJ/SBK/2024/45/2689,Gujarat,Sabarkantha,Hepatitis A,19,0,07-11-2024,07-11-2024,Under Surveillance
JH/DMK/2024/45/2690,Jharkhand,Dumka,Acute Diarrheal Disease,12,0,03-11-2024,04-11-2024,Under Control
JH/WSB/2024/45/2691,Jharkhand,West Singhbhum,Acute Diarrheal Disease,10,0,05-11-2024,05-11-2024,Under Control
KN/CHT/2024/45/2692,Karnataka,Chitradurga,Chikungunya,12,0,04-11-2024,04-11-2024,Under Surveillance
KN/DKD/2024/45/2693,Karnataka,Dakshin Kannad,Hand Foot Mouth Disease (HFMD),241,0,07-11-2024,08-11-2024,Under Surveillance
KL/ERN/2024/45/2694,Kerala,Ernakulam,Hepatitis A,12,0,05-11-2024,06-11-2024,Under Surveillance
KL/PLK/2024/45/2695,Kerala,Palakkad,Mumps,38,0,06-11-2024,06-11-2024,Under Surveillance
KL/PLK/2024/45/2696,Kerala,Palakkad,Mumps,16,0,05-11-2024,05-11-2024,Under Surveillance
KL/PLK/2024/45/2697,Kerala,Palakkad,Mumps,12,0,04-11-2024,04-11-2024,Under Surveillance
KL/WYN/2024/45/2698,Kerala,Wayanad,Acute Diarrheal Disease,29,0,07-11-2024,08-11-2024,Under Control
MP/DTI/2024/45/2699,Madhya Pradesh,Datia,Mumps,12,0,06-11-2024,06-11-2024,Under Surveillance
MP/STN/2024/45/2700,Madhya Pradesh,Satna,Cholera,25,0,05-11-2024,05-11-2024,Under Surveillance
MH/AHM/2024/45/2701,Maharashtra,Ahmednagar,Dengue,23,0,06-11-2024,07-11-2024,Under Surveillance
MH/CHN/2024/45/2702,Maharashtra,Chandrapur,Acute Diarrheal Disease,61,0,05-11-2024,07-11-2024,Under Control
OR/KND/2024/45/2703,Odisha,Kandhamal,Food Poisoning,6,2,01-11-2024,04-11-2024,Under Control
OR/SMB/2024/45/2704,Odisha,Sambalpur,Acute Diarrheal Disease,9,0,04-11-2024,04-11-2024,Under Control
TN/DIN/2024/45/2705,Tamil Nadu,Dindigul,Hepatitis A,18,0,04-11-2024,06-11-2024,Under Surveillance
TN/NMK/2024/45/2706,Tamil Nadu,Namakkal,Mumps,7,0,07-11-2024,08-11-2024,Under Surveillance
TN/NMK/2024/45/2707,Tamil Nadu,Namakkal,Mumps,5,0,05-11-2024,05-11-2024,Under Surveillance
TN/RAN/2024/45/2708,Tamil Nadu,Ranipet,Human Rabies,1,1,30-10-2024,04-11-2024,Under Control
TN/SLM/2024/45/2709,Tamil Nadu,Salem,Mumps,17,0,08-11-2024,09-11-2024,Under Surveillance
TN/TCP/2024/45/2710,Tamil Nadu,Tiruchirappalli,Mumps,18,0,06-11-2024,06-11-2024,Under Surveillance
TL/NIR/2024/45/2711,Telangana,Nirmal,Food Poisoning,16,0,05-11-2024,06-11-2024,Under Control
WB/SPG/2024/45/2712,West Bengal,24 Parganas South,Acute Diarrheal Disease,26,0,06-11-2024,06-11-2024,Under Control
WB/BRB/2024/45/2713,West Bengal,Birbhum,Acute Diarrheal Disease,32,1,02-11-2024,07-11-2024,Under Control
WB/HGH/2024/45/2714,West Bengal,Hooghly,Acute Diarrheal Disease,38,0,04-11-2024,05-11-2024,Under Control
WB/PRL/2024/45/2715,West Bengal,Purulia,Acute Diarrheal Disease,14,0,05-11-2024,06-11-2024,Under Control
AP/VKP/2024/46/2720,Andhra Pradesh,Visakhapatanam,Food Poisoning,48,0,11-11-2024,13-11-2024,Under Control
AS/CHR/2024/46/2721,Assam,Charaideo,Mumps,8,0,12-11-2024,12-11-2024,Under Control
AS/GLP/2024/46/2722,Assam,Goalpara,Dengue,24,0,10-11-2024,14-11-2024,Under Surveillance
BH/PTN/2024/46/2723,Bihar,Patna,Food Poisoning,6,2,10-11-2024,13-11-2024,Under Surveillance
BH/VSH/2024/46/2724,Bihar,Vaishali,Measles,45,0,11-11-2024,12-11-2024,Under Surveillance
GJ/BHR/2024/46/2725,Gujarat,Bharuch,Food Poisoning,48,0,10-11-2024,11-11-2024,Under Surveillance
GJ/NAV/2024/46/2726,Gujarat,Navsari,Acute Diarrheal Disease,9,0,12-11-2024,13-11-2024,Under Control
HP/KNG/2024/46/2727,Himachal Pradesh,Kangra,Jaundice,20,0,13-11-2024,15-11-2024,Under Control
JK/BRM/2024/46/2728,Jammu and Kashmir,Baramulla,Chickenpox,14,0,13-11-2024,15-11-2024,Under Surveillance
JK/KUL/2024/46/2729,Jammu and Kashmir,Kulgam,Hepatitis A,12,0,12-11-2024,16-11-2024,Under Surveillance
JH/DUM/2024/46/2730,Jharkhand,Dumka,Acute Diarrheal Disease,12,0,15-11-2024,16-11-2024,Under Surveillance
JH/GID/2024/46/2731,Jharkhand,Giridih,Typhoid,8,0,14-11-2024,14-11-2024,Under Control
JH/GOD/2024/46/2732,Jharkhand,Godda,Malaria,10,0,11-11-2024,12-11-2024,Under Surveillance
JH/SBJ/2024/46/2733,Jharkhand,Sahebganj,Malaria,18,0,10-11-2024,13-11-2024,Under Surveillance
KN/BDR/2024/46/2734,Karnataka,Bidar,Food Poisoning,56,0,13-11-2024,14-11-2024,Under Control
KN/HVR/2024/46/2735,Karnataka,Haveri,Food Poisoning,64,0,11-11-2024,11-11-2024,Under Control
KN/KLB/2024/46/2736,Karnataka,Kalaburagi,Acute Diarrheal Disease,31,0,13-11-2024,14-11-2024,Under Control
KN/MND/2024/46/2737,Karnataka,Mandya,Food Poisoning,61,0,16-11-2024,16-11-2024,Under Control
KN/MYS/2024/46/2738,Karnataka,Mysuru,Food Poisoning,22,0,14-11-2024,15-11-2024,Under Control
KL/ERN/2024/46/2739,Kerala,Ernakulam,Hepatitis A,39,0,11-11-2024,13-11-2024,Under Surveillance
KL/ERN/2024/46/2740,Kerala,Ernakulam,Mumps,10,0,12-11-2024,12-11-2024,Under Surveillance
KL/KOZ/2024/46/2741,Kerala,Kozhikode,Hepatitis A,105,0,13-11-2024,13-11-2024,Under Surveillance
KL/PLK/2024/46/2742,Kerala,Palakkad,Food Poisoning,20,0,15-11-2024,16-11-2024,Under Surveillance
KL/PLK/2024/46/2743,Kerala,Palakkad,Mumps,23,0,14-11-2024,14-11-2024,Under Surveillance
KL/PLK/2024/46/2744,Kerala,Palakkad,Mumps,20,0,13-11-2024,13-11-2024,Under Surveillance
KL/WYN/2024/46/2745,Kerala,Wayanad,Food Poisoning,9,1,11-11-2024,17-11-2024,Under Surveillance
KL/WYN/2024/46/2746,Kerala,Wayanad,Food Poisoning,86,0,17-11-2024,17-11-2024,Under Control
MP/GWL/2024/46/2747,Madhya Pradesh,Gwalior,Food Poisoning,20,0,12-11-2024,13-11-2024,Under Control
MP/SHV/2024/46/2748,Madhya Pradesh,Shivpuri,Food Poisoning,45,0,09-11-2024,12-11-2024,Under Surveillance
MH/NSH/2024/46/2749,Maharashtra,Nashik,Acute Diarrheal Disease,21,1,13-11-2024,14-11-2024,Under Surveillance
MH/PRB/2024/46/2750,Maharashtra,Parbhani,Chikungunya,14,0,12-11-2024,14-11-2024,Under Control
MH/RIG/2024/46/2751,Maharashtra,Raigad,Chikungunya,27,0,09-11-2024,14-11-2024,Under Surveillance
MH/SDG/2024/46/2752,Maharashtra,Sindhudurg,Leptospirosis,1,1,14-11-2024,14-11-2024,Under Surveillance
OR/GJP/2024/46/2753,Odisha,Gajapati,Chickenpox,20,0,10-11-2024,16-11-2024,Under Surveillance
AP/SPN/2024/47/2770,Andhra Pradesh,SPSR Nellore,Acute Diarrheal Disease,42,0,18-11-2024,19-11-2024,Under Control
AP/TRP/2024/47/2771,Andhra Pradesh,Tirupati,Food Poisoning,17,0,19-11-2024,21-11-2024,Under Control
AP/VKP/2024/47/2772,Andhra Pradesh,Visakhapatanam,Acute Diarrheal Disease,48,0,22-11-2024,23-11-2024,Under Control
AS/CHA/2024/47/2773,Assam,Charaideo,Japanese Encephalitis,1,1,19-11-2024,21-11-2024,Under Surveillance
AS/DAR/2024/47/2774,Assam,Darrang,Food Poisoning,33,0,17-11-2024,18-11-2024,Under Surveillance
AS/KOK/2024/47/2775,Assam,Kokrajhar,Malaria,624,0,23-01-2024,24-11-2024,Under Surveillance
AS/KOK/2024/47/2776,Assam,Kokrajhar,Malaria,333,1,16-11-2024,18-11-2024,Under Surveillance
AS/LKM/2024/47/2777,Assam,Lakhimpur,Chickenpox,6,0,19-11-2024,19-11-2024,Under Surveillance
CT/BOL/2024/47/2778,Chhattisgarh,Balod,Acute Diarrheal Disease,85,0,17-11-2024,18-11-2024,Under Control
CT/BMT/2024/47/2779,Chhattisgarh,Bemetara,Measles,49,0,20-11-2024,21-11-2024,Under Surveillance
CT/SUK/2024/47/2780,Chhattisgarh,Sukma,Malaria,142,0,17-01-2024,21-11-2024,Under Surveillance
GJ/AND/2024/47/2781,Gujarat,Anand,Acute Diarrheal Disease,86,0,19-11-2024,20-11-2024,Under Control
JK/BRM/2024/47/2782,Jammu and Kashmir,Baramulla,Hepatitis A,21,0,18-11-2024,18-11-2024,Under Control
JH/DUM/2024/47/2783,Jharkhand,Dumka,Acute Diarrheal Disease,34,0,18-11-2024,19-11-2024,Under Surveillance
JH/GRH/2024/47/2784,Jharkhand,Garhwa,Malaria,8,0,21-11-2024,21-11-2024,Under Control
JH/HAZ/2024/47/2785,Jharkhand,Hazaribagh,Chikungunya,5,0,16-11-2024,19-11-2024,Under Surveillance
JH/SIM/2024/47/2786,Jharkhand,Simdega,Malaria,31,0,23-11-2024,23-11-2024,Under Surveillance
JH/SIM/2024/47/2787,Jharkhand,Simdega,Malaria,13,0,20-11-2024,22-11-2024,Under Surveillance
KN/BLG/2024/47/2788,Karnataka,Belagavi,Acute Diarrheal Disease,48,0,19-11-2024,20-11-2024,Under Surveillance
KN/CIT/2024/47/2789,Karnataka,Chitradurga,Food Poisoning,64,0,20-11-2024,21-11-2024,Under Surveillance
KN/UKD/2024/47/2790,Karnataka,Uttar Kannad,Mumps,13,0,22-11-2024,22-11-2024,Under Surveillance
KL/ERN/2024/47/2791,Kerala,Ernakulam,Acute Diarrheal Disease,31,0,24-11-2024,24-11-2024,Under Surveillance
KL/ERN/2024/47/2792,Kerala,Ernakulam,Acute Diarrheal Disease,62,0,18-11-2024,22-11-2024,Under Surveillance
KL/ERN/2024/47/2793,Kerala,Ernakulam,Food Poisoning,107,0,18-11-2024,18-11-2024,Under Control
KL/KNR/2024/47/2794,Kerala,Kannur,Hepatitis A,23,0,16-11-2024,19-11-2024,Under Surveillance
KL/KAS/2024/47/2795,Kerala,Kasaragod,Hepatitis A,11,0,21-11-2024,23-11-2024,Under Surveillance
KL/KAS/2024/47/2796,Kerala,Kasaragod,Food Poisoning,74,0,21-11-2024,23-11-2024,Under Control
KL/KTM/2024/47/2797,Kerala,Kottayam,Mumps,9,0,19-11-2024,21-11-2024,Under Surveillance
KL/KTM/2024/47/2798,Kerala,Kottayam,Chickenpox,12,0,15-11-2024,20-11-2024,Under Surveillance
KL/KOZ/2024/47/2799,Kerala,Kozhikode,Dengue,22,0,16-11-2024,19-11-2024,Under Control
KL/PLK/2024/47/2800,Kerala,Palakkad,Mumps,20,0,23-11-2024,23-11-2024,Under Surveillance
KL/PLK/2024/47/2801,Kerala,Palakkad,Mumps,18,0,21-11-2024,21-11-2024,Under Surveillance
KL/PLK/2024/47/2802,Kerala,Palakkad,Mumps,17,0,19-11-2024,19-11-2024,Under Control
KL/THI/2024/47/2803,Kerala,Thiruvananthapuram,Chickenpox,176,0,22-11-2024,23-11-2024,Under Surveillance
AP/VIS/2024/48/2823,Andhra Pradesh,Visakhapatanam,Acute Diarrheal Disease,48,0,26-11-2024,26-11-2024,Under Control
AR/WKM/2024/48/2824,Arunachal Pradesh,West Kameng,Chickenpox,17,0,26-11-2024,26-11-2024,Under Surveillance
AR/WSI/2024/48/2825,Arunachal Pradesh,West Siang,Chickenpox,6,0,30-11-2024,01-12-2024,Under Surveillance
AS/HIL/2024/48/2826,Assam,Hailakandi,Measles,9,0,29-11-2024,29-11-2024,Under Control
AS/SON/2024/48/2827,Assam,Sonitpur,Acute Diarrheal Disease,32,0,27-11-2024,28-11-2024,Under Control
CT/DUR/2024/48/2828,Chhattisgarh,Durg,Acute Diarrheal Disease,42,0,28-11-2024,28-11-2024,Under Control
GJ/KHE/2024/48/2829,Gujarat,Kheda,Acute Diarrheal Disease,12,0,30-11-2024,30-11-2024,Under Control
JK/UDH/2024/48/2830,Jammu and Kashmir,Udhampur,Chikungunya,8,0,27-11-2024,27-11-2024,Under Surveillance
JH/CHA/2024/48/2831,Jharkhand,Chatra,Malaria,11,0,25-11-2024,26-11-2024,Under Surveillance
KN/HAV/2024/48/2832,Karnataka,Haveri,Acute Diarrheal Disease,41,0,28-11-2024,28-11-2024,Under Control
KN/MAN/2024/48/2833,Karnataka,Mandya,Food Poisoning,46,0,21-11-2024,25-11-2024,Under Control
KN/UKN/2024/48/2834,Karnataka,Uttar Kannad,Mumps,24,0,28-11-2024,29-11-2024,Under Surveillance
KL/ERN/2024/48/2835,Kerala,Ernakulam,Hepatitis A,19,0,28-11-2024,28-11-2024,Under Surveillance
KL/ERN/2024/48/2836,Kerala,Ernakulam,Hepatitis A,10,0,22-11-2024,27-11-2024,Under Surveillance
KL/KTM/2024/48/2837,Kerala,Kottayam,Hepatitis A,13,0,22-11-2024,25-11-2024,Under Surveillance
KL/MLP/2024/48/2838,Kerala,Malappuram,Mumps,15,0,29-11-2024,29-11-2024,Under Surveillance
KL/PLK/2024/48/2839,Kerala,Palakkad,Mumps,16,0,27-11-2024,29-11-2024,Under Surveillance
KL/PLK/2024/48/2840,Kerala,Palakkad,Mumps,17,0,29-11-2024,29-11-2024,Under Surveillance
KL/PLK/2024/48/2841,Kerala,Palakkad,Mumps,34,0,25-11-2024,26-11-2024,Under Surveillance
KL/PAT/2024/48/2842,Kerala,Pathanamthitta,Food Poisoning,16,0,25-11-2024,25-11-2024,Under Control
MP/DAT/2024/48/2843,Madhya Pradesh,Datia,Measles,10,0,29-11-2024,29-11-2024,Under Surveillance
MP/PAN/2024/48/2844,Madhya Pradesh,Panna,Food Poisoning,10,0,25-11-2024,27-11-2024,Under Surveillance
MP/SAG/2024/48/2845,Madhya Pradesh,Sagar,Measles,7,1,21-11-2024,28-11-2024,Under Surveillance
MP/SHE/2024/48/2846,Madhya Pradesh,Sheopur,Measles,20,0,29-11-2024,29-11-2024,Under Surveillance
MH/AMR/2024/48/2847,Maharashtra,Amravati,Chikungunya,12,0,25-11-2024,26-11-2024,Under Surveillance
MH/KOH/2024/48/2848,Maharashtra,Kolhapur,Acute Diarrheal Disease,165,0,30-11-2024,30-11-2024,Under Surveillance
MH/KOH/2024/48/2849,Maharashtra,Kolhapur,Hepatitis A,18,0,25-11-2024,25-11-2024,Under Surveillance
MH/NAN/2024/48/2850,Maharashtra,Nanded,Chikungunya,14,0,26-11-2024,27-11-2024,Under Surveillance
MH/PLG/2024/48/2851,Maharashtra,Palghar,Leptospirosis,7,1,23-11-2024,25-11-2024,Under Control
MH/PNE/2024/48/2852,Maharashtra,Pune,Zika Virus,1,0,25-11-2024,27-11-2024,Under Surveillance
MH/SIN/2024/48/2853,Maharashtra,Sindhudurg,Hepatitis A,10,0,30-11-2024,30-11-2024,Under Surveillance
MH/WAS/2024/48/2854,Maharashtra,Washim,Dengue,9,0,30-11-2024,30-11-2024,Under Surveillance
MG/SGH/2024/48/2855,Meghalaya,South Garo Hills,Measles,34,0,28-11-2024,28-11-2024,Under Surveillance
OR/KHR/2024/48/2856,Odisha,Khordha,Food Poisoning,10,0,28-11-2024,29-11-2024,Under Surveillance
AS/CHR/2024/49/2871,Assam,Chirang,Malaria,7,0,06-12-2024,06-12-2024,Under Surveillance
AS/LKM/2024/49/2872,Assam,Lakhimpur,Human Rabies,1,1,06-12-2024,07-12-2024,Under Surveillance
AS/LKM/2024/49/2873,Assam,Lakhimpur,Acute Diarrheal Disease,13,0,05-12-2024,05-12-2024,Under Surveillance
BH/KTH/2024/49/2874,Bihar,Katihar,Fever with Rash,29,0,30-11-2024,03-12-2024,Under Surveillance
GJ/MEH/2024/49/2875,Gujarat,Mahesana,Hepatitis A,16,0,04-12-2024,04-12-2024,Under Surveillance
JH/CTR/2024/49/2876,Jharkhand,Chatra,Malaria,17,0,05-12-2024,07-12-2024,Under Surveillance
KN/MND/2024/49/2877,Karnataka,Mandya,Typhoid,18,0,03-12-2024,04-12-2024,Under Surveillance
KN/MYS/2024/49/2878,Karnataka,Mysuru,Cholera,235,0,05-12-2024,05-12-2024,Under Surveillance
KN/UPU/2024/49/2879,Karnataka,Udupi,Japanese Encephalitis,1,1,06-12-2024,07-12-2024,Under Surveillance
KL/ERN/2024/49/2880,Kerala,Ernakulam,Acute Diarrheal Disease,72,0,07-12-2024,08-12-2024,Under Surveillance
KL/MLP/2024/49/2881,Kerala,Malappuram,Mumps,9,0,03-12-2024,07-12-2024,Under Surveillance
KL/PLK/2024/49/2882,Kerala,Palakkad,Mumps,12,0,06-12-2024,06-12-2024,Under Control
KL/THR/2024/49/2883,Kerala,Thrissur,Hepatitis A,20,0,05-12-2024,08-12-2024,Under Surveillance
KL/WAY/2024/49/2884,Kerala,Wayanad,Scrub Typhus,3,1,30-11-2024,06-12-2024,Under Surveillance
MP/GWL/2024/49/2885,Madhya Pradesh,Gwalior,Chikungunya,65,0,03-12-2024,03-12-2024,Under Control
MP/JAB/2024/49/2886,Madhya Pradesh,Jabalpur,Mumps,29,0,07-12-2024,07-12-2024,Under Control
MH/SAN/2024/49/2887,Maharashtra,Sangli,Hepatitis A,9,0,05-12-2024,06-12-2024,Under Surveillance
OR/BLG/2024/49/2888,Odisha,Balangir,Food Poisoning,13,0,04-12-2024,04-12-2024,Under Control
OR/BRG/2024/49/2889,Odisha,Bargarh,Acute Diarrheal Disease,11,0,04-12-2024,04-12-2024,Under Control
OR/KEN/2024/49/2890,Odisha,Kendujhar,Hepatitis A,10,0,05-12-2024,07-12-2024,Under Control
OR/KHR/2024/49/2891,Odisha,Khordha,Measles,43,0,06-12-2024,07-12-2024,Under Surveillance
OR/NYG/2024/49/2892,Odisha,Nayagarh,Hepatitis A,72,0,04-12-2024,05-12-2024,Under Surveillance
TN/ARY/2024/49/2893,Tamil Nadu,Ariyalur,Acute Diarrheal Disease,39,0,03-12-2024,04-12-2024,Under Control
TN/CHE/2024/49/2894,Tamil Nadu,Chengalpattu,Acute Diarrheal Disease,34,0,05-12-2024,06-12-2024,Under Surveillance
TN/SIRMAI2024/49/2951,Tamil Nadu,Madurai,Mumps,29,0,30-11-2024,02-12-2024,Under Surveillance
TN/NMK/2024/49/2896,Tamil Nadu,Namakkal,Mumps,12,0,04-12-2024,04-12-2024,Under Surveillance
TN/TIR/2024/49/2897,Tamil Nadu,Tirupathur,Mumps,9,0,07-12-2024,07-12-2024,Under Surveillance
UP/MZP/2024/49/2898,Uttar Pradesh,Mirzapur,Measles,4,0,26-11-2024,07-12-2024,Under Surveillance
WB/PRL/2024/49/2899,West Bengal,Purulia,Acute Diarrheal Disease,31,0,27-11-2024,02-12-2024,Under Control
MG/WGH/2024/49/2900,Meghalaya,West Garo Hills,Typhoid,86,0,06-11-2024,06-11-2024,Under Surveillance
MG/WGH/2024/49/2901,Meghalaya,West Garo Hills,Scrub Typhus,35,0,06-11-2024,06-11-2024,Under Surveillance
AP/ASR/2024/50/2902,Andhra Pradesh,Alluri Sitharama Raju,Food Poisoning,8,0,09/12/2024,12/12/2024,Under Control
AP/YSR/2024/50/2903,Andhra Pradesh,Y.S.R. (Yeduguri Sandinti Rajasekhara Reddy),Acute Diarrheal Disease,33,0,12/12/2024,12/12/2024,Under Control
AS/BPT/2024/50/2904,Assam,Barpeta,Typhoid,5,0,09/12/2024,09/12/2024,Under Control
AS/CHR/2024/50/2905,Assam,Chirang,Malaria,23,0,09/12/2024,09/12/2024,Under Control
AS/HLK/2024/50/2906,Assam,Hailakandi,Measles,47,0,11/12/2024,11/12/2024,Under Control
BH/GYA/2024/50/2907,Bihar,Gaya,Chickenpox,11,0,12/12/2024,13/12/2024,Under Control
BH/MDH/2024/50/2908,Bihar,Madhepura,Paratyphoid,65,0,09/12/2024,10/12/2024,Under Surveillance
BH/VIS/2024/50/2909,Bihar,Vaishali,Typhoid,5,0,14/12/2024,14/12/2024,Under Control
CT/BJP/2024/50/2910,Chhattisgarh,Bijapur,Food Poisoning,53,1,09/12/2024,10/12/2024,Under Control
CT/JAN/2024/50/2911,Chhattisgarh,Janjgir-Champa,Jaundice,13,0,12/12/2024,12/12/2024,Under Control
GO/NGO/2024/50/2912,Goa,North Goa,Scrub Typhus,6,0,09/12/2024,09/12/2024,Under Control
GJ/JUG/2024/50/2913,Gujarat,Junagadh,Food Poisoning,23,0,08/12/2024,09/12/2024,Under Control
GJ/NAR/2024/50/2914,Gujarat,Narmada,Food Poisoning,60,0,08/12/2024,09/12/2024,Under Control
HR/NUH/2024/50/2915,Haryana,Nuh,Chickenpox,15,0,13/12/2024,13/12/2024,Under Control
JK/RAJ/2024/50/2916,Jammu and Kashmir,Rajauri,Others,39,16,09/12/2024,12/12/2024,Under Surveillance
JH/GIR/2024/50/2917,Jharkhand,Giridih,Typhoid,8,0,10/12/2024,10/12/2024,Under Control
JH/LOH/2024/50/2918,Jharkhand,Lohardaga,Food Poisoning,12,0,12/12/2024,14/12/2024,Under Control
JH/SHB/2024/50/2919,Jharkhand,Sahebganj,Malaria,30,0,05/12/2024,11/12/2024,Under Control
JH/WSB/2024/50/2920,Jharkhand,West Singhbhum,Malaria,43,0,11/12/2024,13/12/2024,Under Control
KL/ERN/2024/50/2921,Kerala,Ernakulam,Mumps,8,0,07/12/2024,11/12/2024,Under Control
KL/ERN/2024/50/2922,Kerala,Ernakulam,Mumps,5,0,06/12/2024,11/12/2024,Under Control
KL/ERN/2024/50/2923,Kerala,Ernakulam,Acute Diarrheal Disease,43,0,10/12/2024,11/12/2024,Under Control
KL/KAN/2024/50/2924,Kerala,Kannur,Hepatitis A,18,0,09/12/2024,12/12/2024,Under Surveillance
KL/KTM/2024/50/2925,Kerala,Kottayam,Mumps,8,0,10/12/2024,11/12/2020,Under Surveillance
KL/PLK/2024/50/2926,Kerala,Palakkad,Mumps,9,0,11/12/2024,13/12/2024,Under Control
KL/PLK/2024/50/2927,Kerala,Palakkad,Mumps,15,0,11/12/2024,12/12/2024,Under Control
KL/PLK/2024/50/2928,Kerala,Palakkad,Mumps,20,0,09/12/2024,11/12/2024,Under Control
KL/PLK/2024/50/2929,Kerala,Palakkad,Food Poisoning,26,0,13/12/2024,13/12/2024,Under Control
KL/PLK/2024/50/2930,Kerala,Palakkad,Chickenpox,21,0,09/12/2024,09/12/2024,Under Control
KL/WYN/2024/50/2931,Kerala,Wayanad,Food Poisoning,19,0,10/12/2024,11/12/2024,Under Control
MP/ENM/2024/50/2932,Madhya Pradesh,East Nimar,Chikungunya,77,0,14/12/2024,15/12/2024,Under Control
MP/JBH/2024/50/2933,Madhya Pradesh,Jhabua,Food Poisoning,14,0,10/12/2024,11/12/2024,Under Control
MP/RTL/2024/50/2934,Madhya Pradesh,Ratlam,Fever,2,2,07/12/2024,11/12/2024,Under Control
MH/GDC/2024/50/2935,Maharashtra,Gadchiroli,Malaria,2,1,09/12/2024,09/12/2024,Under Control
AS/CHR/2024/51/2948,Assam,Cachar,Acute Diarrheal Disease,13,0,20-12-2024,20-12-2024,Under Surveillance  
AS/DIB/2024/51/2949,Assam,Dibrugarh,Human Rabies,1,1,16-12-2024,17-12-2024,Under Control  
AS/HAI/2024/51/2950,Assam,Hailakandi,Typhoid,4,0,20-12-2024,20-12-2024,Under Surveillance  
AS/HAI/2024/51/2951,Assam,Hailakandi,Typhoid,6,0,17-12-2024,17-12-2024,Under Surveillance  
AS/KOK/2024/51/2952,Assam,Kokrajhar,Acute Diarrheal Disease,15,0,20-12-2024,21-12-2024,Under Surveillance  
AS/NAG/2024/51/2953,Assam,Nagaon,Food Poisoning,18,0,18-12-2024,18-12-2024,Under Control  
BH/MAD/2024/51/2954,Bihar,Madhepura,Acute Diarrheal Disease,14,0,20-12-2024,20-12-2024,Under Surveillance  
CT/JNJ/2024/51/2955,Chhattisgarh,Janjgir-Champa,Jaundice,10,0,17-12-2024,19-12-2024,Under Surveillance  
JK/BAR/2024/51/2956,Jammu and Kashmir,Baramulla,Hepatitis A,48,0,17-12-2024,17-12-2024,Under Surveillance  
JK/JAM/2024/51/2957,Jammu and Kashmir,Jammu,Human Rabies,1,1,12-12-2024,21-12-2024,Under Surveillance  
JK/UDM/2024/51/2958,Jammu and Kashmir,Udhampur,Acute Diarrheal Disease,41,0,16-12-2024,16-12-2024,Under Surveillance  
JH/BOK/2024/51/2959,Jharkhand,Bokaro,Human Rabies,1,1,16-12-2024,16-12-2024,Under Surveillance  
JH/WSB/2024/51/2960,Jharkhand,West Singhbhum,Measles,4,0,17-12-2024,19-12-2024,Under Control  
KN/HAS/2024/51/2961,Karnataka,Hassan,Chickenpox,26,0,16-12-2024,17-12-2024,Under Surveillance  
KN/MAN/2024/51/2962,Karnataka,Mandya,Cholera,21,0,17-12-2024,18-12-2024,Under Surveillance  
KL/ALP/2024/51/2963,Kerala,Alappuzha,Mumps,40,0,12-12-2024,16-12-2024,Under Surveillance  
KL/ERN/2024/51/2964,Kerala,Ernakulam,Food Poisoning,33,0,21-12-2024,21-12-2024,Under Surveillance  
KL/ERN/2024/51/2965,Kerala,Ernakulam,Hepatitis A,95,0,18-12-2024,19-12-2024,Under Surveillance  
KL/KNR/2024/51/2966,Kerala,Kannur,Mpox,1,0,13-12-2024,20-12-2024,Under Surveillance  
KL/KNR/2024/51/2967,Kerala,Kannur,Food Poisoning,59,0,14-12-2024,20-12-2024,Under Surveillance  
KL/KNR/2024/51/2968,Kerala,Kannur,Food Poisoning,285,0,15-12-2024,17-12-2024,Under Surveillance  
KL/WAY/2024/51/2969,Kerala,Wayanad,Mpox,1,0,12-12-2024,17-12-2024,Under Surveillance  
MP/ALR/2024/51/2970,Madhya Pradesh,Alirajpur,Measles,24,0,17-12-2024,19-12-2024,Under Surveillance  
MP/DHR/2024/51/2971,Madhya Pradesh,Dhar,Measles,4,0,16-12-2024,16-12-2024,Under Surveillance  
MP/ENM/2024/51/2972,Madhya Pradesh,East Nimar,Chikungunya,57,0,17-12-2024,17-12-2024,Under Surveillance  
MP/IND/2024/51/2973,Madhya Pradesh,Indore,Food Poisoning,88,0,15-12-2024,16-12-2024,Under Control  
MP/MAN/2024/51/2974,Madhya Pradesh,Mandla,Food Poisoning,20,0,18-12-2024,18-12-2024,Under Surveillance  
MH/BHN/2024/51/2975,Maharashtra,Bhandara,Leptospirosis,3,0,19-12-2024,19-12-2024,Under Surveillance  
MH/NAN/2024/51/2976,Maharashtra,Nandurbar,Food Poisoning,22,0,11-12-2024,16-12-2024,Under Surveillance  
MH/SNG/2024/51/2977,Maharashtra,Sangli,Acute Diarrheal Disease,49,0,17-12-2024,17-12-2024,Under Surveillance  
OR/BLS/2024/51/2978,Odisha,Baleshwar,Fever with Rash,15,0,19-12-2024,20-12-2024,Under Surveillance  
TN/MAY/2024/51/2979,Tamil Nadu,Mayiladuthurai,Acute Diarrheal Disease,15,0,16-12-2024,17-12-2024,Under Control  
TN/NAM/2024/51/2980,Tamil Nadu,Namakkal,Mumps,6,0,19-12-2024,20-12-2024,Under Surveillance  
AP/VIS/2024/52/2986,Andhra Pradesh,Visakhapatanam,Acute Diarrheal Disease,22,0,28-12-2024,29-12-2024,Under Control
AP/VIZ/2024/52/2987,Andhra Pradesh,Vizianagaram,Acute Diarrheal Disease,24,0,22-12-2024,26-12-2024,Under Control
AS/DHE/2024/52/2988,Assam,Dhemaji,Typhoid,6,0,23-12-2024,23-12-2024,Under Surveillance
AS/KOK/2024/52/2989,Assam,Kokrajhar,Malaria,1,1,25-12-2024,26-12-2024,Under Surveillance
CT/RAJ/2024/52/2990,Chhattisgarh,Rajnandgaon,Acute Diarrheal Disease,20,0,22-12-2024,23-12-2024,Under Surveillance
GO/SGO/2024/52/2991,Goa,South Goa,Food Poisoning,20,0,26-12-2024,26-12-2024,Under Control
JK/SRN/2024/52/2992,Jammu and Kashmir,Srinagar,Hepatitis A,12,0,28-12-2024,28-12-2024,Under Control
JK/SRN/2024/52/2993,Jammu and Kashmir,Srinagar,Hepatitis A,12,0,27-12-2024,27-12-2024,Under Surveillance
JK/SRN/2024/52/2994,Jammu and Kashmir,Srinagar,Hepatitis A,8,0,24-12-2024,24-12-2024,Under Surveillance
KL/ERN/2024/52/2995,Kerala,Ernakulam,Acute Gastroenteritis,105,0,24-12-2024,25-12-2024,Under Surveillance
KL/ERN/2024/52/2996,Kerala,Ernakulam,Acute Diarrheal Disease,33,0,23-12-2024,25-12-2024,Under Control
KL/KNR/2024/52/2997,Kerala,Kannur,Acute Gastroenteritis,145,0,26-12-2024,27-12-2024,Under Surveillance
KL/KNR/2024/52/2998,Kerala,Kannur,Food Poisoning,21,0,23-12-2024,27-12-2024,Under Surveillance
KL/KAS/2024/52/2999,Kerala,Kasaragod,Hepatitis A,29,0,23-12-2024,23-12-2024,Under Surveillance
KL/KAS/2024/52/3000,Kerala,Kasaragod,Food Poisoning,22,0,26-12-2024,28-12-2024,Under Control
KL/KTM/2024/52/3001,Kerala,Kottayam,Hepatitis A,12,0,20-12-2024,24-12-2024,Under Surveillance
KL/MLP/2024/52/3002,Kerala,Malappuram,Hepatitis A,25,0,23-12-2024,28-12-2024,Under Surveillance
KL/PLK/2024/52/3003,Kerala,Palakkad,Acute Gastroenteritis,28,0,26-12-2024,27-12-2024,Under Control
KL/TNP/2024/52/3004,Kerala,Thiruvananthapuram,Acute Gastroenteritis,41,0,26-12-2024,26-12-2024,Under Control
MP/BRH/2024/52/3005,Madhya Pradesh,Burhanpur,Chikungunya,50,0,28-12-2024,28-12-2024,Under Surveillance
MP/BRH/2024/52/3006,Madhya Pradesh,Burhanpur,Typhoid,84,0,23-12-2024,23-12-2024,Under Surveillance
MH/BUL/2024/52/3007,Maharashtra,Buldhana,Food Poisoning,93,0,24-12-2024,26-12-2024,Under Control
MH/OSM/2024/52/3008,Maharashtra,Osmanabad,Chikungunya,5,0,22-12-2024,23-12-2024,Under Surveillance
PB/RNG/2024/52/3009,Punjab,Rupnagar,Hepatitis A,40,0,28-12-2024,28-12-2024,Under Surveillance
TN/MAY/2024/52/3010,Tamil Nadu,Mayiladuthurai,Chickenpox,12,0,21-12-2024,24-12-2024,Under Control
TN/THI/2024/52/3011,Tamil Nadu,Thiruvarur,Acute Diarrheal Disease,25,0,25-12-2024,25-12-2024,Under Control
TN/TRP/2024/52/3012,Tamil Nadu,Tirupathur,Mumps,34,0,21-12-2024,24-12-2024,Under Control
UP/FTH/2024/52/3013,Uttar Pradesh,Fatehpur,Chickenpox,18,0,24-12-2024,24-12-2024,Under Control
UP/JNP/2024/52/3014,Uttar Pradesh,Jaunpur,Scrub Typhus,28,0,28-10-2024,26-12-2024,Under Control
UP/KAS/2024/52/3015,Uttar Pradesh,Kasganj,Acute Diarrheal Disease,111,2,24-07-2024,27-12-2024,Under Control
AP/ANK/2024/52/3016,Andhra Pradesh,Anakapalli,Acute Diarrheal Disease,25,0,17-12-2024,Under Control
AP/SSS/2024/52/3017,Andhra Pradesh,Sri Sathya Sai,Acute Diarrheal Disease,13,0,17-12-2024,Under Control
KL/MLP/2024/52/3018,Kerala,Malappuram,Hepatitis A,80,0,16-12-2024,Under Control
